Workbook

Sheet Class Sum-WR
F1: Applejack Wine & Spirits
F2: Sales/GM$ by Class
F3: Wheat Ridge Retail Store
H5: TY SALES | N5: LAST YEAR CALENDAR | S5: LY DATES | U5: LY SALES | AA5: SALES VARIANCE | AG5: SALES VARIANCE % | AM5: TY GM $ | AS5: LY GM $ | AY5: GM $ VARIANCE | BE5: GM $ VARIANCE % | BK5: TY GM % | BQ5: LY GM % | BW5: GM % VARIANCE | CC5: GM BPS VARIANCE
A6: Fiscal Year | B6: Calendar Year | C6: Fiscal Month | D6: Calendar Month | E6: Fiscal Week | F6: Date | G6: DOW | H6: - None - | I6: Beer | J6: Extras | K6: Spirits | L6: Wine | M6: TY Total Sales | N6: Fiscal Year | O6: Calendar Year | P6: Fiscal Month | Q6: Calendar Month | R6: Fiscal Week | S6: Date | T6: DOW | U6: - None - | V6: Beer | W6: Extras | X6: Spirits | Y6: Wine | Z6: LY Total Sales | AA6: - None - | AB6: Beer | AC6: Extras | AD6: Spirits | AE6: Wine | AF6: Total Variance | AG6: - None - | AH6: Beer | AI6: Extras | AJ6: Spirits | AK6: Wine | AL6: Total Variance | AM6: - None - | AN6: Beer | AO6: Extras | AP6: Spirits | AQ6: Wine | AR6: TY Total GM $ | AS6: - None - | AT6: Beer | AU6: Extras | AV6: Spirits | AW6: Wine | AX6: LY Total GM $ | AY6: - None - | AZ6: Beer | BA6: Extras | BB6: Spirits | BC6: Wine | BD6: Total Variance | BE6: - None - | BF6: Beer | BG6: Extras | BH6: Spirits | BI6: Wine | BJ6: Total Variance | BK6: - None - | BL6: Beer | BM6: Extras | BN6: Spirits | BO6: Wine | BP6: TY Total GM % | BQ6: - None - | BR6: Beer | BS6: Extras | BT6: Spirits | BU6: Wine | BV6: LY Total GM $ | BW6: - None - | BX6: Beer | BY6: Extras | BZ6: Spirits | CA6: Wine | CB6: Total Variance | CC6: - None - | CD6: Beer | CE6: Extras | CF6: Spirits | CG6: Wine | CH6: Total Variance
A7: 0 | B7: FY26 | C7: 0 | D7: 12 Dec | E7: 0 | F7: 46383 | G7: SUN | H7: 0 | I7: 0 | J7: 0 | K7: 0 | L7: 0 | M7: =SUM(H7:L7) -> 0 | N7: 0 | O7: FY25 | P7: 0 | Q7: 12 Dec | R7: Week 00 | S7: 46019 | T7: SUN | U7: -15 | V7: 7488.16 | W7: 517.02 | X7: 39469.81 | Y7: 20861.78 | Z7: =SUM(U7:Y7) -> 68321.77 | AA7: =+H7-U7 -> 15 | AB7: =+I7-V7 -> -7488.16 | AC7: =+J7-W7 -> -517.02 | AD7: =+K7-X7 -> -39469.81 | AE7: =+L7-Y7 -> -20861.78 | AF7: =+M7-Z7 -> -68321.77 | AG7: =AA7/U7 -> -1 | AH7: =AB7/V7 -> -1 | AI7: =AC7/W7 -> -1 | AJ7: =AD7/X7 -> -1 | AK7: =AE7/Y7 -> -1 | AL7: =AF7/Z7 -> -1 | AM7: 0 | AN7: 0 | AO7: 0 | AP7: 0 | AQ7: 0 | AR7: =SUM(AM7:AQ7) -> 0 | AS7: -15 | AT7: 1657.79 | AU7: 221.4 | AV7: 18085.74 | AW7: 6227.25 | AX7: =SUM(AS7:AW7) -> 26177.18 | AY7: =+AM7-AS7 -> 15 | AZ7: =+AN7-AT7 -> -1657.79 | BA7: =+AO7-AU7 -> -221.4 | BB7: =+AP7-AV7 -> -18085.74 | BC7: =+AQ7-AW7 -> -6227.25 | BD7: =+AR7-AX7 -> -26177.18 | BE7: =AY7/AS7 -> -1 | BF7: =AZ7/AT7 -> -1 | BG7: =BA7/AU7 -> -1 | BH7: =BB7/AV7 -> -1 | BI7: =BC7/AW7 -> -1 | BJ7: =BD7/AX7 -> -1 | BK7: =IFERROR(AM7/H7,0) -> 0 | BL7: =IFERROR(AN7/I7,0) -> 0 | BM7: =IFERROR(AO7/J7,0) -> 0 | BN7: =IFERROR(AP7/K7,0) -> 0 | BO7: =IFERROR(AQ7/L7,0) -> 0 | BP7: =IFERROR(AR7/M7,0) -> 0 | BQ7: =IFERROR(AS7/U7,0) -> 1 | BR7: =IFERROR(AT7/V7,0) -> 0.22138816 | BS7: =IFERROR(AU7/W7,0) -> 0.42822328 | BT7: =IFERROR(AV7/X7,0) -> 0.45821705 | BU7: =IFERROR(AW7/Y7,0) -> 0.29850042 | BV7: =IFERROR(AX7/Z7,0) -> 0.38314552 | BW7: =+BK7-BQ7 -> -1 | BX7: =+BL7-BR7 -> -0.22138816 | BY7: =+BM7-BS7 -> -0.42822328 | BZ7: =+BN7-BT7 -> -0.45821705 | CA7: =+BO7-BU7 -> -0.29850042 | CB7: =+BP7-BV7 -> -0.38314552 | CC7: =BW7*10000 -> -10000 | CD7: =BX7*10000 -> -2213.8816 | CE7: =BY7*10000 -> -4282.2328 | CF7: =BZ7*10000 -> -4582.1705 | CG7: =CA7*10000 -> -2985.0042 | CH7: =CB7*10000 -> -3831.4552
A8: 0 | B8: FY26 | C8: 0 | D8: 12 Dec | E8: 0 | F8: =+F7+1 -> 46384 | G8: MON | H8: 0 | I8: 0 | J8: 0 | K8: 0 | L8: 0 | M8: =SUM(H8:L8) -> 0 | N8: 0 | O8: FY25 | P8: 0 | Q8: 12 Dec | R8: Week 00 | S8: =+S7+1 -> 46020 | T8: MON | U8: 84.92 | V8: 12321.39 | W8: 1162.16 | X8: 55070.39 | Y8: 40147.74 | Z8: =SUM(U8:Y8) -> 108786.6 | AA8: =+H8-U8 -> -84.92 | AB8: =+I8-V8 -> -12321.39 | AC8: =+J8-W8 -> -1162.16 | AD8: =+K8-X8 -> -55070.39 | AE8: =+L8-Y8 -> -40147.74 | AF8: =+M8-Z8 -> -108786.6 | AG8: =AA8/U8 -> -1 | AH8: =AB8/V8 -> -1 | AI8: =AC8/W8 -> -1 | AJ8: =AD8/X8 -> -1 | AK8: =AE8/Y8 -> -1 | AL8: =AF8/Z8 -> -1 | AM8: 0 | AN8: 0 | AO8: 0 | AP8: 0 | AQ8: 0 | AR8: =SUM(AM8:AQ8) -> 0 | AS8: 84.92 | AT8: 2598.93 | AU8: 423.44 | AV8: 20633.89 | AW8: 11428.86 | AX8: =SUM(AS8:AW8) -> 35170.04 | AY8: =+AM8-AS8 -> -84.92 | AZ8: =+AN8-AT8 -> -2598.93 | BA8: =+AO8-AU8 -> -423.44 | BB8: =+AP8-AV8 -> -20633.89 | BC8: =+AQ8-AW8 -> -11428.86 | BD8: =+AR8-AX8 -> -35170.04 | BE8: =AY8/AS8 -> -1 | BF8: =AZ8/AT8 -> -1 | BG8: =BA8/AU8 -> -1 | BH8: =BB8/AV8 -> -1 | BI8: =BC8/AW8 -> -1 | BJ8: =BD8/AX8 -> -1 | BK8: =IFERROR(AM8/H8,0) -> 0 | BL8: =IFERROR(AN8/I8,0) -> 0 | BM8: =IFERROR(AO8/J8,0) -> 0 | BN8: =IFERROR(AP8/K8,0) -> 0 | BO8: =IFERROR(AQ8/L8,0) -> 0 | BP8: =IFERROR(AR8/M8,0) -> 0 | BQ8: =IFERROR(AS8/U8,0) -> 1 | BR8: =IFERROR(AT8/V8,0) -> 0.21092831 | BS8: =IFERROR(AU8/W8,0) -> 0.36435603 | BT8: =IFERROR(AV8/X8,0) -> 0.37468211 | BU8: =IFERROR(AW8/Y8,0) -> 0.28467007 | BV8: =IFERROR(AX8/Z8,0) -> 0.32329386 | BW8: =+BK8-BQ8 -> -1 | BX8: =+BL8-BR8 -> -0.21092831 | BY8: =+BM8-BS8 -> -0.36435603 | BZ8: =+BN8-BT8 -> -0.37468211 | CA8: =+BO8-BU8 -> -0.28467007 | CB8: =+BP8-BV8 -> -0.32329386 | CC8: =BW8*10000 -> -10000 | CD8: =BX8*10000 -> -2109.2831 | CE8: =BY8*10000 -> -3643.5603 | CF8: =BZ8*10000 -> -3746.8211 | CG8: =CA8*10000 -> -2846.7007 | CH8: =CB8*10000 -> -3232.9386
A9: 0 | B9: FY26 | C9: 0 | D9: 12 Dec | E9: 0 | F9: =+F8+1 -> 46385 | G9: TUE | H9: 0 | I9: 0 | J9: 0 | K9: 0 | L9: 0 | M9: =SUM(H9:L9) -> 0 | N9: 0 | O9: FY25 | P9: 0 | Q9: 12 Dec | R9: Week 00 | S9: =+S8+1 -> 46021 | T9: TUE | U9: 24.92 | V9: 20806.82 | W9: 1193.52 | X9: 67683.94 | Y9: 72664.98 | Z9: =SUM(U9:Y9) -> 162374.18 | AA9: =+H9-U9 -> -24.92 | AB9: =+I9-V9 -> -20806.82 | AC9: =+J9-W9 -> -1193.52 | AD9: =+K9-X9 -> -67683.94 | AE9: =+L9-Y9 -> -72664.98 | AF9: =+M9-Z9 -> -162374.18 | AG9: =AA9/U9 -> -1 | AH9: =AB9/V9 -> -1 | AI9: =AC9/W9 -> -1 | AJ9: =AD9/X9 -> -1 | AK9: =AE9/Y9 -> -1 | AL9: =AF9/Z9 -> -1 | AM9: 0 | AN9: 0 | AO9: 0 | AP9: 0 | AQ9: 0 | AR9: =SUM(AM9:AQ9) -> 0 | AS9: 24.92 | AT9: 4468.3 | AU9: 279 | AV9: 26740.28 | AW9: 20601.89 | AX9: =SUM(AS9:AW9) -> 52114.39 | AY9: =+AM9-AS9 -> -24.92 | AZ9: =+AN9-AT9 -> -4468.3 | BA9: =+AO9-AU9 -> -279 | BB9: =+AP9-AV9 -> -26740.28 | BC9: =+AQ9-AW9 -> -20601.89 | BD9: =+AR9-AX9 -> -52114.39 | BE9: =AY9/AS9 -> -1 | BF9: =AZ9/AT9 -> -1 | BG9: =BA9/AU9 -> -1 | BH9: =BB9/AV9 -> -1 | BI9: =BC9/AW9 -> -1 | BJ9: =BD9/AX9 -> -1 | BK9: =IFERROR(AM9/H9,0) -> 0 | BL9: =IFERROR(AN9/I9,0) -> 0 | BM9: =IFERROR(AO9/J9,0) -> 0 | BN9: =IFERROR(AP9/K9,0) -> 0 | BO9: =IFERROR(AQ9/L9,0) -> 0 | BP9: =IFERROR(AR9/M9,0) -> 0 | BQ9: =IFERROR(AS9/U9,0) -> 1 | BR9: =IFERROR(AT9/V9,0) -> 0.2147517 | BS9: =IFERROR(AU9/W9,0) -> 0.23376232 | BT9: =IFERROR(AV9/X9,0) -> 0.3950757 | BU9: =IFERROR(AW9/Y9,0) -> 0.28351883 | BV9: =IFERROR(AX9/Z9,0) -> 0.32095244 | BW9: =+BK9-BQ9 -> -1 | BX9: =+BL9-BR9 -> -0.2147517 | BY9: =+BM9-BS9 -> -0.23376232 | BZ9: =+BN9-BT9 -> -0.3950757 | CA9: =+BO9-BU9 -> -0.28351883 | CB9: =+BP9-BV9 -> -0.32095244 | CC9: =BW9*10000 -> -10000 | CD9: =BX9*10000 -> -2147.517 | CE9: =BY9*10000 -> -2337.6232 | CF9: =BZ9*10000 -> -3950.757 | CG9: =CA9*10000 -> -2835.1883 | CH9: =CB9*10000 -> -3209.5244
A10: 0 | B10: FY26 | C10: 0 | D10: 12 Dec | E10: 0 | F10: =+F9+1 -> 46386 | G10: WED | H10: 0 | I10: 0 | J10: 0 | K10: 0 | L10: 0 | M10: =SUM(H10:L10) -> 0 | N10: 0 | O10: FY25 | P10: 0 | Q10: 12 Dec | R10: 0 | S10: =+S9+1 -> 46022 | T10: WED | U10: 124.9 | V10: 31238.55 | W10: 3633.92 | X10: 105816.8 | Y10: 86023.38 | Z10: =SUM(U10:Y10) -> 226837.55 | AA10: =+H10-U10 -> -124.9 | AB10: =+I10-V10 -> -31238.55 | AC10: =+J10-W10 -> -3633.92 | AD10: =+K10-X10 -> -105816.8 | AE10: =+L10-Y10 -> -86023.38 | AF10: =+M10-Z10 -> -226837.55 | AG10: =AA10/U10 -> -1 | AH10: =AB10/V10 -> -1 | AI10: =AC10/W10 -> -1 | AJ10: =AD10/X10 -> -1 | AK10: =AE10/Y10 -> -1 | AL10: =AF10/Z10 -> -1 | AM10: 0 | AN10: 0 | AO10: 0 | AP10: 0 | AQ10: 0 | AR10: =SUM(AM10:AQ10) -> 0 | AS10: 124.9 | AT10: 6802.78 | AU10: 1558.17 | AV10: 38677.41 | AW10: 23133.82 | AX10: =SUM(AS10:AW10) -> 70297.08 | AY10: =+AM10-AS10 -> -124.9 | AZ10: =+AN10-AT10 -> -6802.78 | BA10: =+AO10-AU10 -> -1558.17 | BB10: =+AP10-AV10 -> -38677.41 | BC10: =+AQ10-AW10 -> -23133.82 | BD10: =+AR10-AX10 -> -70297.08 | BE10: =AY10/AS10 -> -1 | BF10: =AZ10/AT10 -> -1 | BG10: =BA10/AU10 -> -1 | BH10: =BB10/AV10 -> -1 | BI10: =BC10/AW10 -> -1 | BJ10: =BD10/AX10 -> -1 | BK10: =IFERROR(AM10/H10,0) -> 0 | BL10: =IFERROR(AN10/I10,0) -> 0 | BM10: =IFERROR(AO10/J10,0) -> 0 | BN10: =IFERROR(AP10/K10,0) -> 0 | BO10: =IFERROR(AQ10/L10,0) -> 0 | BP10: =IFERROR(AR10/M10,0) -> 0 | BQ10: =IFERROR(AS10/U10,0) -> 1 | BR10: =IFERROR(AT10/V10,0) -> 0.21776875 | BS10: =IFERROR(AU10/W10,0) -> 0.42878489 | BT10: =IFERROR(AV10/X10,0) -> 0.36551294 | BU10: =IFERROR(AW10/Y10,0) -> 0.2689248 | BV10: =IFERROR(AX10/Z10,0) -> 0.30990054 | BW10: =+BK10-BQ10 -> -1 | BX10: =+BL10-BR10 -> -0.21776875 | BY10: =+BM10-BS10 -> -0.42878489 | BZ10: =+BN10-BT10 -> -0.36551294 | CA10: =+BO10-BU10 -> -0.2689248 | CB10: =+BP10-BV10 -> -0.30990054 | CC10: =BW10*10000 -> -10000 | CD10: =BX10*10000 -> -2177.6875 | CE10: =BY10*10000 -> -4287.8489 | CF10: =BZ10*10000 -> -3655.1294 | CG10: =CA10*10000 -> -2689.248 | CH10: =CB10*10000 -> -3099.0054
A11: 0 | B11: FY26 | C11: 0 | D11: 12 Dec | E11: 0 | F11: =+F10+1 -> 46387 | G11: THU | H11: 0 | I11: 0 | J11: 0 | K11: 0 | L11: 0 | M11: =SUM(H11:L11) -> 0 | N11: #N/A | O11: #N/A | P11: #N/A | Q11: #N/A | R11: #N/A | S11: =+S12-1 -> 45652 | T11: THU | U11: 0 | V11: 0 | W11: 0 | X11: 0 | Y11: 0 | Z11: =SUM(U11:Y11) -> 0 | AA11: =+H11-U11 -> 0 | AB11: =+I11-V11 -> 0 | AC11: =+J11-W11 -> 0 | AD11: =+K11-X11 -> 0 | AE11: =+L11-Y11 -> 0 | AF11: =+M11-Z11 -> 0 | AG11: =AA11/U11 -> #DIV/0! | AH11: =AB11/V11 -> #DIV/0! | AI11: =AC11/W11 -> #DIV/0! | AJ11: =AD11/X11 -> #DIV/0! | AK11: =AE11/Y11 -> #DIV/0! | AL11: =AF11/Z11 -> #DIV/0! | AM11: 0 | AN11: 0 | AO11: 0 | AP11: 0 | AQ11: 0 | AR11: =SUM(AM11:AQ11) -> 0 | AS11: 0 | AT11: 0 | AU11: 0 | AV11: 0 | AW11: 0 | AX11: =SUM(AS11:AW11) -> 0 | AY11: =+AM11-AS11 -> 0 | AZ11: =+AN11-AT11 -> 0 | BA11: =+AO11-AU11 -> 0 | BB11: =+AP11-AV11 -> 0 | BC11: =+AQ11-AW11 -> 0 | BD11: =+AR11-AX11 -> 0 | BE11: =AY11/AS11 -> #DIV/0! | BF11: =AZ11/AT11 -> #DIV/0! | BG11: =BA11/AU11 -> #DIV/0! | BH11: =BB11/AV11 -> #DIV/0! | BI11: =BC11/AW11 -> #DIV/0! | BJ11: =BD11/AX11 -> #DIV/0! | BK11: =IFERROR(AM11/H11,0) -> 0 | BL11: =IFERROR(AN11/I11,0) -> 0 | BM11: =IFERROR(AO11/J11,0) -> 0 | BN11: =IFERROR(AP11/K11,0) -> 0 | BO11: =IFERROR(AQ11/L11,0) -> 0 | BP11: =IFERROR(AR11/M11,0) -> 0 | BQ11: =IFERROR(AS11/U11,0) -> 0 | BR11: =IFERROR(AT11/V11,0) -> 0 | BS11: =IFERROR(AU11/W11,0) -> 0 | BT11: =IFERROR(AV11/X11,0) -> 0 | BU11: =IFERROR(AW11/Y11,0) -> 0 | BV11: =IFERROR(AX11/Z11,0) -> 0 | BW11: =+BK11-BQ11 -> 0 | BX11: =+BL11-BR11 -> 0 | BY11: =+BM11-BS11 -> 0 | BZ11: =+BN11-BT11 -> 0 | CA11: =+BO11-BU11 -> 0 | CB11: =+BP11-BV11 -> 0 | CC11: =BW11*10000 -> 0 | CD11: =BX11*10000 -> 0 | CE11: =BY11*10000 -> 0 | CF11: =BZ11*10000 -> 0 | CG11: =CA11*10000 -> 0 | CH11: =CB11*10000 -> 0
A12: #N/A | B12: #N/A | C12: #N/A | D12: #N/A | E12: #N/A | F12: =+F13-1 -> 46017 | G12: FRI | H12: -35.05 | I12: 13931.43 | J12: 1254.55 | K12: 47328.16 | L12: 36455.23 | M12: =SUM(H12:L12) -> 98934.32 | N12: #N/A | O12: #N/A | P12: #N/A | Q12: #N/A | R12: #N/A | S12: =+S13-1 -> 45653 | T12: FRI | U12: 0 | V12: 0 | W12: 0 | X12: 0 | Y12: 0 | Z12: =SUM(U12:Y12) -> 0 | AA12: =+H12-U12 -> -35.05 | AB12: =+I12-V12 -> 13931.43 | AC12: =+J12-W12 -> 1254.55 | AD12: =+K12-X12 -> 47328.16 | AE12: =+L12-Y12 -> 36455.23 | AF12: =+M12-Z12 -> 98934.32 | AG12: =AA12/U12 -> #DIV/0! | AH12: =AB12/V12 -> #DIV/0! | AI12: =AC12/W12 -> #DIV/0! | AJ12: =AD12/X12 -> #DIV/0! | AK12: =AE12/Y12 -> #DIV/0! | AL12: =AF12/Z12 -> #DIV/0! | AM12: -35.05 | AN12: 2981.96 | AO12: 503.04 | AP12: 17680.21 | AQ12: 11038.12 | AR12: =SUM(AM12:AQ12) -> 32168.28 | AS12: 0 | AT12: 0 | AU12: 0 | AV12: 0 | AW12: 0 | AX12: =SUM(AS12:AW12) -> 0 | AY12: =+AM12-AS12 -> -35.05 | AZ12: =+AN12-AT12 -> 2981.96 | BA12: =+AO12-AU12 -> 503.04 | BB12: =+AP12-AV12 -> 17680.21 | BC12: =+AQ12-AW12 -> 11038.12 | BD12: =+AR12-AX12 -> 32168.28 | BE12: =AY12/AS12 -> #DIV/0! | BF12: =AZ12/AT12 -> #DIV/0! | BG12: =BA12/AU12 -> #DIV/0! | BH12: =BB12/AV12 -> #DIV/0! | BI12: =BC12/AW12 -> #DIV/0! | BJ12: =BD12/AX12 -> #DIV/0! | BK12: =IFERROR(AM12/H12,0) -> 1 | BL12: =IFERROR(AN12/I12,0) -> 0.21404551 | BM12: =IFERROR(AO12/J12,0) -> 0.40097246 | BN12: =IFERROR(AP12/K12,0) -> 0.37356639 | BO12: =IFERROR(AQ12/L12,0) -> 0.30278564 | BP12: =IFERROR(AR12/M12,0) -> 0.32514784 | BQ12: =IFERROR(AS12/U12,0) -> 0 | BR12: =IFERROR(AT12/V12,0) -> 0 | BS12: =IFERROR(AU12/W12,0) -> 0 | BT12: =IFERROR(AV12/X12,0) -> 0 | BU12: =IFERROR(AW12/Y12,0) -> 0 | BV12: =IFERROR(AX12/Z12,0) -> 0 | BW12: =+BK12-BQ12 -> 1 | BX12: =+BL12-BR12 -> 0.21404551 | BY12: =+BM12-BS12 -> 0.40097246 | BZ12: =+BN12-BT12 -> 0.37356639 | CA12: =+BO12-BU12 -> 0.30278564 | CB12: =+BP12-BV12 -> 0.32514784 | CC12: =BW12*10000 -> 10000 | CD12: =BX12*10000 -> 2140.4551 | CE12: =BY12*10000 -> 4009.7246 | CF12: =BZ12*10000 -> 3735.6639 | CG12: =CA12*10000 -> 3027.8564 | CH12: =CB12*10000 -> 3251.4784
A13: #N/A | B13: #N/A | C13: #N/A | D13: #N/A | E13: #N/A | F13: =+F14-1 -> 46018 | G13: SAT | H13: 104.94 | I13: 14188 | J13: 881.04 | K13: 53531.92 | L13: 42451.05 | M13: =SUM(H13:L13) -> 111156.95 | N13: #N/A | O13: #N/A | P13: #N/A | Q13: #N/A | R13: #N/A | S13: =+S14-1 -> 45654 | T13: SAT | U13: 0 | V13: 0 | W13: 0 | X13: 0 | Y13: 0 | Z13: =SUM(U13:Y13) -> 0 | AA13: =+H13-U13 -> 104.94 | AB13: =+I13-V13 -> 14188 | AC13: =+J13-W13 -> 881.04 | AD13: =+K13-X13 -> 53531.92 | AE13: =+L13-Y13 -> 42451.05 | AF13: =+M13-Z13 -> 111156.95 | AG13: =AA13/U13 -> #DIV/0! | AH13: =AB13/V13 -> #DIV/0! | AI13: =AC13/W13 -> #DIV/0! | AJ13: =AD13/X13 -> #DIV/0! | AK13: =AE13/Y13 -> #DIV/0! | AL13: =AF13/Z13 -> #DIV/0! | AM13: 104.94 | AN13: 3045.13 | AO13: 271.7 | AP13: 20911.64 | AQ13: 12838.41 | AR13: =SUM(AM13:AQ13) -> 37171.82 | AS13: 0 | AT13: 0 | AU13: 0 | AV13: 0 | AW13: 0 | AX13: =SUM(AS13:AW13) -> 0 | AY13: =+AM13-AS13 -> 104.94 | AZ13: =+AN13-AT13 -> 3045.13 | BA13: =+AO13-AU13 -> 271.7 | BB13: =+AP13-AV13 -> 20911.64 | BC13: =+AQ13-AW13 -> 12838.41 | BD13: =+AR13-AX13 -> 37171.82 | BE13: =AY13/AS13 -> #DIV/0! | BF13: =AZ13/AT13 -> #DIV/0! | BG13: =BA13/AU13 -> #DIV/0! | BH13: =BB13/AV13 -> #DIV/0! | BI13: =BC13/AW13 -> #DIV/0! | BJ13: =BD13/AX13 -> #DIV/0! | BK13: =IFERROR(AM13/H13,0) -> 1 | BL13: =IFERROR(AN13/I13,0) -> 0.21462715 | BM13: =IFERROR(AO13/J13,0) -> 0.30838554 | BN13: =IFERROR(AP13/K13,0) -> 0.39063871 | BO13: =IFERROR(AQ13/L13,0) -> 0.30242856 | BP13: =IFERROR(AR13/M13,0) -> 0.33440842 | BQ13: =IFERROR(AS13/U13,0) -> 0 | BR13: =IFERROR(AT13/V13,0) -> 0 | BS13: =IFERROR(AU13/W13,0) -> 0 | BT13: =IFERROR(AV13/X13,0) -> 0 | BU13: =IFERROR(AW13/Y13,0) -> 0 | BV13: =IFERROR(AX13/Z13,0) -> 0 | BW13: =+BK13-BQ13 -> 1 | BX13: =+BL13-BR13 -> 0.21462715 | BY13: =+BM13-BS13 -> 0.30838554 | BZ13: =+BN13-BT13 -> 0.39063871 | CA13: =+BO13-BU13 -> 0.30242856 | CB13: =+BP13-BV13 -> 0.33440842 | CC13: =BW13*10000 -> 10000 | CD13: =BX13*10000 -> 2146.2715 | CE13: =BY13*10000 -> 3083.8554 | CF13: =BZ13*10000 -> 3906.3871 | CG13: =CA13*10000 -> 3024.2856 | CH13: =CB13*10000 -> 3344.0842
A14: FY26 | B14: FY25 | C14: 01 Jan | D14: 0 | E14: Week 01 | F14: 46019 | G14: SUN | H14: -15 | I14: 7488.16 | J14: 517.02 | K14: 39469.81 | L14: 20861.78 | M14: =SUM(H14:L14) -> 68321.77 | N14: FY25 | O14: FY24 | P14: 01 Jan | Q14: 0 | R14: Week 01 | S14: 45655 | T14: SUN | U14: -10.01 | V14: 10565.35 | W14: 621.62 | X14: 35991.4 | Y14: 27095.92 | Z14: =SUM(U14:Y14) -> 74264.28 | AA14: =+H14-U14 -> -4.99 | AB14: =+I14-V14 -> -3077.19 | AC14: =+J14-W14 -> -104.6 | AD14: =+K14-X14 -> 3478.41 | AE14: =+L14-Y14 -> -6234.14 | AF14: =+M14-Z14 -> -5942.51 | AG14: =AA14/U14 -> 0.4985015 | AH14: =AB14/V14 -> -0.29125301 | AI14: =AC14/W14 -> -0.16827 | AJ14: =AD14/X14 -> 0.096645588 | AK14: =AE14/Y14 -> -0.23007671 | AL14: =AF14/Z14 -> -0.080018415 | AM14: -15 | AN14: 1657.79 | AO14: 221.4 | AP14: 18085.74 | AQ14: 6227.25 | AR14: =SUM(AM14:AQ14) -> 26177.18 | AS14: -10.01 | AT14: 2264.47 | AU14: 263.06 | AV14: 10313.99 | AW14: 7511.86 | AX14: =SUM(AS14:AW14) -> 20343.37 | AY14: =+AM14-AS14 -> -4.99 | AZ14: =+AN14-AT14 -> -606.68 | BA14: =+AO14-AU14 -> -41.66 | BB14: =+AP14-AV14 -> 7771.75 | BC14: =+AQ14-AW14 -> -1284.61 | BD14: =+AR14-AX14 -> 5833.81 | BE14: =AY14/AS14 -> 0.4985015 | BF14: =AZ14/AT14 -> -0.26791258 | BG14: =BA14/AU14 -> -0.15836691 | BH14: =BB14/AV14 -> 0.75351537 | BI14: =BC14/AW14 -> -0.17101091 | BJ14: =BD14/AX14 -> 0.28676714 | BK14: =IFERROR(AM14/H14,0) -> 1 | BL14: =IFERROR(AN14/I14,0) -> 0.22138816 | BM14: =IFERROR(AO14/J14,0) -> 0.42822328 | BN14: =IFERROR(AP14/K14,0) -> 0.45821705 | BO14: =IFERROR(AQ14/L14,0) -> 0.29850042 | BP14: =IFERROR(AR14/M14,0) -> 0.38314552 | BQ14: =IFERROR(AS14/U14,0) -> 1 | BR14: =IFERROR(AT14/V14,0) -> 0.21432986 | BS14: =IFERROR(AU14/W14,0) -> 0.42318458 | BT14: =IFERROR(AV14/X14,0) -> 0.28656818 | BU14: =IFERROR(AW14/Y14,0) -> 0.27723214 | BV14: =IFERROR(AX14/Z14,0) -> 0.2739321 | BW14: =+BK14-BQ14 -> 0 | BX14: =+BL14-BR14 -> 0.0070583035 | BY14: =+BM14-BS14 -> 0.0050386973 | BZ14: =+BN14-BT14 -> 0.17164887 | CA14: =+BO14-BU14 -> 0.021268271 | CB14: =+BP14-BV14 -> 0.10921342 | CC14: =BW14*10000 -> 0 | CD14: =BX14*10000 -> 70.583035 | CE14: =BY14*10000 -> 50.386973 | CF14: =BZ14*10000 -> 1716.4887 | CG14: =CA14*10000 -> 212.68271 | CH14: =CB14*10000 -> 1092.1342
A15: FY26 | B15: FY25 | C15: 01 Jan | D15: 0 | E15: Week 01 | F15: =+F14+1 -> 46020 | G15: MON | H15: 84.92 | I15: 12321.39 | J15: 1162.16 | K15: 55070.39 | L15: 40147.74 | M15: =SUM(H15:L15) -> 108786.6 | N15: FY25 | O15: FY24 | P15: 01 Jan | Q15: 0 | R15: Week 01 | S15: =+S14+1 -> 45656 | T15: MON | U15: 74.94 | V15: 15695.19 | W15: 1869.36 | X15: 50000.19 | Y15: 54694.22 | Z15: =SUM(U15:Y15) -> 122333.9 | AA15: =+H15-U15 -> 9.98 | AB15: =+I15-V15 -> -3373.8 | AC15: =+J15-W15 -> -707.2 | AD15: =+K15-X15 -> 5070.2 | AE15: =+L15-Y15 -> -14546.48 | AF15: =+M15-Z15 -> -13547.3 | AG15: =AA15/U15 -> 0.13317321 | AH15: =AB15/V15 -> -0.21495758 | AI15: =AC15/W15 -> -0.37831129 | AJ15: =AD15/X15 -> 0.10140361 | AK15: =AE15/Y15 -> -0.2659601 | AL15: =AF15/Z15 -> -0.11074036 | AM15: 84.92 | AN15: 2598.93 | AO15: 423.44 | AP15: 20633.89 | AQ15: 11428.86 | AR15: =SUM(AM15:AQ15) -> 35170.04 | AS15: 74.94 | AT15: 3259.25 | AU15: 953.98 | AV15: 15187.72 | AW15: 14658.12 | AX15: =SUM(AS15:AW15) -> 34134.01 | AY15: =+AM15-AS15 -> 9.98 | AZ15: =+AN15-AT15 -> -660.32 | BA15: =+AO15-AU15 -> -530.54 | BB15: =+AP15-AV15 -> 5446.17 | BC15: =+AQ15-AW15 -> -3229.26 | BD15: =+AR15-AX15 -> 1036.03 | BE15: =AY15/AS15 -> 0.13317321 | BF15: =AZ15/AT15 -> -0.20259876 | BG15: =BA15/AU15 -> -0.55613325 | BH15: =BB15/AV15 -> 0.35859036 | BI15: =BC15/AW15 -> -0.2203052 | BJ15: =BD15/AX15 -> 0.03035184 | BK15: =IFERROR(AM15/H15,0) -> 1 | BL15: =IFERROR(AN15/I15,0) -> 0.21092831 | BM15: =IFERROR(AO15/J15,0) -> 0.36435603 | BN15: =IFERROR(AP15/K15,0) -> 0.37468211 | BO15: =IFERROR(AQ15/L15,0) -> 0.28467007 | BP15: =IFERROR(AR15/M15,0) -> 0.32329386 | BQ15: =IFERROR(AS15/U15,0) -> 1 | BR15: =IFERROR(AT15/V15,0) -> 0.20765916 | BS15: =IFERROR(AU15/W15,0) -> 0.51032439 | BT15: =IFERROR(AV15/X15,0) -> 0.30375325 | BU15: =IFERROR(AW15/Y15,0) -> 0.26800126 | BV15: =IFERROR(AX15/Z15,0) -> 0.27902331 | BW15: =+BK15-BQ15 -> 0 | BX15: =+BL15-BR15 -> 0.0032691507 | BY15: =+BM15-BS15 -> -0.14596836 | BZ15: =+BN15-BT15 -> 0.070928866 | CA15: =+BO15-BU15 -> 0.016668809 | CB15: =+BP15-BV15 -> 0.044270549 | CC15: =BW15*10000 -> 0 | CD15: =BX15*10000 -> 32.691507 | CE15: =BY15*10000 -> -1459.6836 | CF15: =BZ15*10000 -> 709.28866 | CG15: =CA15*10000 -> 166.68809 | CH15: =CB15*10000 -> 442.70549
A16: FY26 | B16: FY25 | C16: 01 Jan | D16: 0 | E16: Week 01 | F16: =+F15+1 -> 46021 | G16: TUE | H16: 24.92 | I16: 20806.82 | J16: 1193.52 | K16: 67683.94 | L16: 72664.98 | M16: =SUM(H16:L16) -> 162374.18 | N16: FY25 | O16: FY24 | P16: 01 Jan | Q16: 0 | R16: Week 01 | S16: =+S15+1 -> 45657 | T16: TUE | U16: 129.89 | V16: 29934.01 | W16: 3777.71 | X16: 81720.47 | Y16: 76970.13 | Z16: =SUM(U16:Y16) -> 192532.21 | AA16: =+H16-U16 -> -104.97 | AB16: =+I16-V16 -> -9127.19 | AC16: =+J16-W16 -> -2584.19 | AD16: =+K16-X16 -> -14036.53 | AE16: =+L16-Y16 -> -4305.15 | AF16: =+M16-Z16 -> -30158.03 | AG16: =AA16/U16 -> -0.80814535 | AH16: =AB16/V16 -> -0.30491037 | AI16: =AC16/W16 -> -0.68406257 | AJ16: =AD16/X16 -> -0.17176272 | AK16: =AE16/Y16 -> -0.055932737 | AL16: =AF16/Z16 -> -0.15663888 | AM16: 24.92 | AN16: 4468.3 | AO16: 279 | AP16: 26740.28 | AQ16: 20601.89 | AR16: =SUM(AM16:AQ16) -> 52114.39 | AS16: 129.89 | AT16: 6286.86 | AU16: 1516.6 | AV16: 25541.08 | AW16: 21373.58 | AX16: =SUM(AS16:AW16) -> 54848.01 | AY16: =+AM16-AS16 -> -104.97 | AZ16: =+AN16-AT16 -> -1818.56 | BA16: =+AO16-AU16 -> -1237.6 | BB16: =+AP16-AV16 -> 1199.2 | BC16: =+AQ16-AW16 -> -771.69 | BD16: =+AR16-AX16 -> -2733.62 | BE16: =AY16/AS16 -> -0.80814535 | BF16: =AZ16/AT16 -> -0.28926364 | BG16: =BA16/AU16 -> -0.81603587 | BH16: =BB16/AV16 -> 0.046951813 | BI16: =BC16/AW16 -> -0.036104855 | BJ16: =BD16/AX16 -> -0.049839912 | BK16: =IFERROR(AM16/H16,0) -> 1 | BL16: =IFERROR(AN16/I16,0) -> 0.2147517 | BM16: =IFERROR(AO16/J16,0) -> 0.23376232 | BN16: =IFERROR(AP16/K16,0) -> 0.3950757 | BO16: =IFERROR(AQ16/L16,0) -> 0.28351883 | BP16: =IFERROR(AR16/M16,0) -> 0.32095244 | BQ16: =IFERROR(AS16/U16,0) -> 1 | BR16: =IFERROR(AT16/V16,0) -> 0.21002398 | BS16: =IFERROR(AU16/W16,0) -> 0.40146014 | BT16: =IFERROR(AV16/X16,0) -> 0.31254201 | BU16: =IFERROR(AW16/Y16,0) -> 0.27768668 | BV16: =IFERROR(AX16/Z16,0) -> 0.28487706 | BW16: =+BK16-BQ16 -> 0 | BX16: =+BL16-BR16 -> 0.0047277189 | BY16: =+BM16-BS16 -> -0.16769783 | BZ16: =+BN16-BT16 -> 0.08253369 | CA16: =+BO16-BU16 -> 0.0058321466 | CB16: =+BP16-BV16 -> 0.036075384 | CC16: =BW16*10000 -> 0 | CD16: =BX16*10000 -> 47.277189 | CE16: =BY16*10000 -> -1676.9783 | CF16: =BZ16*10000 -> 825.3369 | CG16: =CA16*10000 -> 58.321466 | CH16: =CB16*10000 -> 360.75384
A17: FY26 | B17: FY25 | C17: 01 Jan | D17: 0 | E17: Week 01 | F17: =+F16+1 -> 46022 | G17: WED | H17: 124.9 | I17: 31238.55 | J17: 3633.92 | K17: 105816.8 | L17: 86023.38 | M17: =SUM(H17:L17) -> 226837.55 | N17: FY25 | O17: FY25 | P17: 01 Jan | Q17: 01 Jan | R17: Week 01 | S17: =+S16+1 -> 45658 | T17: WED | U17: 24.98 | V17: 4839.75 | W17: 458.92 | X17: 11875.68 | Y17: 14952.65 | Z17: =SUM(U17:Y17) -> 32151.98 | AA17: =+H17-U17 -> 99.92 | AB17: =+I17-V17 -> 26398.8 | AC17: =+J17-W17 -> 3175 | AD17: =+K17-X17 -> 93941.12 | AE17: =+L17-Y17 -> 71070.73 | AF17: =+M17-Z17 -> 194685.57 | AG17: =AA17/U17 -> 4 | AH17: =AB17/V17 -> 5.4545793 | AI17: =AC17/W17 -> 6.9184172 | AJ17: =AD17/X17 -> 7.9103782 | AK17: =AE17/Y17 -> 4.7530525 | AL17: =AF17/Z17 -> 6.0551658 | AM17: 124.9 | AN17: 6802.78 | AO17: 1558.17 | AP17: 38677.41 | AQ17: 23133.82 | AR17: =SUM(AM17:AQ17) -> 70297.08 | AS17: 24.98 | AT17: 1017 | AU17: 139.67 | AV17: 3733.44 | AW17: 4105.75 | AX17: =SUM(AS17:AW17) -> 9020.84 | AY17: =+AM17-AS17 -> 99.92 | AZ17: =+AN17-AT17 -> 5785.78 | BA17: =+AO17-AU17 -> 1418.5 | BB17: =+AP17-AV17 -> 34943.97 | BC17: =+AQ17-AW17 -> 19028.07 | BD17: =+AR17-AX17 -> 61276.24 | BE17: =AY17/AS17 -> 4 | BF17: =AZ17/AT17 -> 5.6890659 | BG17: =BA17/AU17 -> 10.156082 | BH17: =BB17/AV17 -> 9.3597245 | BI17: =BC17/AW17 -> 4.6344931 | BJ17: =BD17/AX17 -> 6.7927421 | BK17: =IFERROR(AM17/H17,0) -> 1 | BL17: =IFERROR(AN17/I17,0) -> 0.21776875 | BM17: =IFERROR(AO17/J17,0) -> 0.42878489 | BN17: =IFERROR(AP17/K17,0) -> 0.36551294 | BO17: =IFERROR(AQ17/L17,0) -> 0.2689248 | BP17: =IFERROR(AR17/M17,0) -> 0.30990054 | BQ17: =IFERROR(AS17/U17,0) -> 1 | BR17: =IFERROR(AT17/V17,0) -> 0.21013482 | BS17: =IFERROR(AU17/W17,0) -> 0.30434498 | BT17: =IFERROR(AV17/X17,0) -> 0.31437695 | BU17: =IFERROR(AW17/Y17,0) -> 0.27458344 | BV17: =IFERROR(AX17/Z17,0) -> 0.28056872 | BW17: =+BK17-BQ17 -> 0 | BX17: =+BL17-BR17 -> 0.0076339295 | BY17: =+BM17-BS17 -> 0.12443991 | BZ17: =+BN17-BT17 -> 0.051135998 | CA17: =+BO17-BU17 -> -0.0056586381 | CB17: =+BP17-BV17 -> 0.029331819 | CC17: =BW17*10000 -> 0 | CD17: =BX17*10000 -> 76.339295 | CE17: =BY17*10000 -> 1244.3991 | CF17: =BZ17*10000 -> 511.35998 | CG17: =CA17*10000 -> -56.586381 | CH17: =CB17*10000 -> 293.31819
A18: FY26 | B18: FY26 | C18: 01 Jan | D18: 01 Jan | E18: Week 01 | F18: =+F17+1 -> 46023 | G18: THU | H18: 4.99 | I18: 5750.56 | J18: 491.07 | K18: 19093.48 | L18: 11260.64 | M18: =SUM(H18:L18) -> 36600.74 | N18: FY25 | O18: FY25 | P18: 01 Jan | Q18: 01 Jan | R18: Week 01 | S18: =+S17+1 -> 45659 | T18: THU | U18: 192.3 | V18: 9480.81 | W18: 209.78 | X18: 28581.7 | Y18: 28038.53 | Z18: =SUM(U18:Y18) -> 66503.12 | AA18: =+H18-U18 -> -187.31 | AB18: =+I18-V18 -> -3730.25 | AC18: =+J18-W18 -> 281.29 | AD18: =+K18-X18 -> -9488.22 | AE18: =+L18-Y18 -> -16777.89 | AF18: =+M18-Z18 -> -29902.38 | AG18: =AA18/U18 -> -0.97405096 | AH18: =AB18/V18 -> -0.39345267 | AI18: =AC18/W18 -> 1.3408809 | AJ18: =AD18/X18 -> -0.33196836 | AK18: =AE18/Y18 -> -0.59838693 | AL18: =AF18/Z18 -> -0.44963875 | AM18: 4.99 | AN18: 1259.38 | AO18: 111.95 | AP18: 8146.06 | AQ18: 3425 | AR18: =SUM(AM18:AQ18) -> 12947.38 | AS18: 192.3 | AT18: 1961.36 | AU18: -66.43 | AV18: 8640.53 | AW18: 7878.98 | AX18: =SUM(AS18:AW18) -> 18606.74 | AY18: =+AM18-AS18 -> -187.31 | AZ18: =+AN18-AT18 -> -701.98 | BA18: =+AO18-AU18 -> 178.38 | BB18: =+AP18-AV18 -> -494.47 | BC18: =+AQ18-AW18 -> -4453.98 | BD18: =+AR18-AX18 -> -5659.36 | BE18: =AY18/AS18 -> -0.97405096 | BF18: =AZ18/AT18 -> -0.35790472 | BG18: =BA18/AU18 -> -2.6852326 | BH18: =BB18/AV18 -> -0.057226814 | BI18: =BC18/AW18 -> -0.56529906 | BJ18: =BD18/AX18 -> -0.30415645 | BK18: =IFERROR(AM18/H18,0) -> 1 | BL18: =IFERROR(AN18/I18,0) -> 0.21900128 | BM18: =IFERROR(AO18/J18,0) -> 0.22797157 | BN18: =IFERROR(AP18/K18,0) -> 0.42664093 | BO18: =IFERROR(AQ18/L18,0) -> 0.30415678 | BP18: =IFERROR(AR18/M18,0) -> 0.3537464 | BQ18: =IFERROR(AS18/U18,0) -> 1 | BR18: =IFERROR(AT18/V18,0) -> 0.20687684 | BS18: =IFERROR(AU18/W18,0) -> -0.31666508 | BT18: =IFERROR(AV18/X18,0) -> 0.30230987 | BU18: =IFERROR(AW18/Y18,0) -> 0.28100546 | BV18: =IFERROR(AX18/Z18,0) -> 0.27978747 | BW18: =+BK18-BQ18 -> 0 | BX18: =+BL18-BR18 -> 0.012124441 | BY18: =+BM18-BS18 -> 0.54463665 | BZ18: =+BN18-BT18 -> 0.12433106 | CA18: =+BO18-BU18 -> 0.02315132 | CB18: =+BP18-BV18 -> 0.073958925 | CC18: =BW18*10000 -> 0 | CD18: =BX18*10000 -> 121.24441 | CE18: =BY18*10000 -> 5446.3665 | CF18: =BZ18*10000 -> 1243.3106 | CG18: =CA18*10000 -> 231.5132 | CH18: =CB18*10000 -> 739.58925
A19: FY26 | B19: FY26 | C19: 01 Jan | D19: 01 Jan | E19: Week 01 | F19: =+F18+1 -> 46024 | G19: FRI | H19: 14.94 | I19: 14765.96 | J19: 751.98 | K19: 37203.9 | L19: 38268.11 | M19: =SUM(H19:L19) -> 91004.89 | N19: FY25 | O19: FY25 | P19: 01 Jan | Q19: 01 Jan | R19: Week 01 | S19: =+S18+1 -> 45660 | T19: FRI | U19: 88.65 | V19: 13720.3 | W19: 568.09 | X19: 36597.8 | Y19: 32608.07 | Z19: =SUM(U19:Y19) -> 83582.91 | AA19: =+H19-U19 -> -73.71 | AB19: =+I19-V19 -> 1045.66 | AC19: =+J19-W19 -> 183.89 | AD19: =+K19-X19 -> 606.1 | AE19: =+L19-Y19 -> 5660.04 | AF19: =+M19-Z19 -> 7421.98 | AG19: =AA19/U19 -> -0.83147208 | AH19: =AB19/V19 -> 0.076212619 | AI19: =AC19/W19 -> 0.32369871 | AJ19: =AD19/X19 -> 0.016561105 | AK19: =AE19/Y19 -> 0.17357789 | AL19: =AF19/Z19 -> 0.088797818 | AM19: 14.94 | AN19: 2994.72 | AO19: 225.75 | AP19: 12831.74 | AQ19: 10195.42 | AR19: =SUM(AM19:AQ19) -> 26262.57 | AS19: 88.65 | AT19: 2775.74 | AU19: 185.01 | AV19: 11206.38 | AW19: 9322.27 | AX19: =SUM(AS19:AW19) -> 23578.05 | AY19: =+AM19-AS19 -> -73.71 | AZ19: =+AN19-AT19 -> 218.98 | BA19: =+AO19-AU19 -> 40.74 | BB19: =+AP19-AV19 -> 1625.36 | BC19: =+AQ19-AW19 -> 873.15 | BD19: =+AR19-AX19 -> 2684.52 | BE19: =AY19/AS19 -> -0.83147208 | BF19: =AZ19/AT19 -> 0.078890674 | BG19: =BA19/AU19 -> 0.22020431 | BH19: =BB19/AV19 -> 0.14503881 | BI19: =BC19/AW19 -> 0.09366281 | BJ19: =BD19/AX19 -> 0.11385674 | BK19: =IFERROR(AM19/H19,0) -> 1 | BL19: =IFERROR(AN19/I19,0) -> 0.20281241 | BM19: =IFERROR(AO19/J19,0) -> 0.30020745 | BN19: =IFERROR(AP19/K19,0) -> 0.34490309 | BO19: =IFERROR(AQ19/L19,0) -> 0.26642079 | BP19: =IFERROR(AR19/M19,0) -> 0.28858416 | BQ19: =IFERROR(AS19/U19,0) -> 1 | BR19: =IFERROR(AT19/V19,0) -> 0.20230899 | BS19: =IFERROR(AU19/W19,0) -> 0.32567023 | BT19: =IFERROR(AV19/X19,0) -> 0.30620365 | BU19: =IFERROR(AW19/Y19,0) -> 0.28588843 | BV19: =IFERROR(AX19/Z19,0) -> 0.28209176 | BW19: =+BK19-BQ19 -> 0 | BX19: =+BL19-BR19 -> 0.00050342709 | BY19: =+BM19-BS19 -> -0.025462776 | BZ19: =+BN19-BT19 -> 0.038699437 | CA19: =+BO19-BU19 -> -0.019467644 | CB19: =+BP19-BV19 -> 0.0064924051 | CC19: =BW19*10000 -> 0 | CD19: =BX19*10000 -> 5.0342709 | CE19: =BY19*10000 -> -254.62776 | CF19: =BZ19*10000 -> 386.99437 | CG19: =CA19*10000 -> -194.67644 | CH19: =CB19*10000 -> 64.924051
A20: FY26 | B20: FY26 | C20: 01 Jan | D20: 01 Jan | E20: Week 01 | F20: =+F19+1 -> 46025 | G20: SAT | H20: 139.93 | I20: 11588.21 | J20: 828.77 | K20: 34231.15 | L20: 27048.09 | M20: =SUM(H20:L20) -> 73836.15 | N20: FY25 | O20: FY25 | P20: 01 Jan | Q20: 01 Jan | R20: Week 01 | S20: =+S19+1 -> 45661 | T20: SAT | U20: 29.97 | V20: 14372.62 | W20: 180.81 | X20: 35136.33 | Y20: 32994.35 | Z20: =SUM(U20:Y20) -> 82714.08 | AA20: =+H20-U20 -> 109.96 | AB20: =+I20-V20 -> -2784.41 | AC20: =+J20-W20 -> 647.96 | AD20: =+K20-X20 -> -905.18 | AE20: =+L20-Y20 -> -5946.26 | AF20: =+M20-Z20 -> -8877.93 | AG20: =AA20/U20 -> 3.6690023 | AH20: =AB20/V20 -> -0.19373016 | AI20: =AC20/W20 -> 3.5836513 | AJ20: =AD20/X20 -> -0.025761939 | AK20: =AE20/Y20 -> -0.18022055 | AL20: =AF20/Z20 -> -0.10733275 | AM20: 139.93 | AN20: 2516.07 | AO20: 300.85 | AP20: 11414.8 | AQ20: 8038.63 | AR20: =SUM(AM20:AQ20) -> 22410.28 | AS20: 29.97 | AT20: 3098.51 | AU20: -95.62 | AV20: 10879.63 | AW20: 9633.63 | AX20: =SUM(AS20:AW20) -> 23546.12 | AY20: =+AM20-AS20 -> 109.96 | AZ20: =+AN20-AT20 -> -582.44 | BA20: =+AO20-AU20 -> 396.47 | BB20: =+AP20-AV20 -> 535.17 | BC20: =+AQ20-AW20 -> -1595 | BD20: =+AR20-AX20 -> -1135.84 | BE20: =AY20/AS20 -> 3.6690023 | BF20: =AZ20/AT20 -> -0.18797422 | BG20: =BA20/AU20 -> -4.1463083 | BH20: =BB20/AV20 -> 0.049190092 | BI20: =BC20/AW20 -> -0.16556584 | BJ20: =BD20/AX20 -> -0.048238946 | BK20: =IFERROR(AM20/H20,0) -> 1 | BL20: =IFERROR(AN20/I20,0) -> 0.21712327 | BM20: =IFERROR(AO20/J20,0) -> 0.36300783 | BN20: =IFERROR(AP20/K20,0) -> 0.33346236 | BO20: =IFERROR(AQ20/L20,0) -> 0.29719769 | BP20: =IFERROR(AR20/M20,0) -> 0.30351366 | BQ20: =IFERROR(AS20/U20,0) -> 1 | BR20: =IFERROR(AT20/V20,0) -> 0.21558421 | BS20: =IFERROR(AU20/W20,0) -> -0.52884243 | BT20: =IFERROR(AV20/X20,0) -> 0.30964048 | BU20: =IFERROR(AW20/Y20,0) -> 0.29197817 | BV20: =IFERROR(AX20/Z20,0) -> 0.28466883 | BW20: =+BK20-BQ20 -> 0 | BX20: =+BL20-BR20 -> 0.0015390508 | BY20: =+BM20-BS20 -> 0.89185026 | BZ20: =+BN20-BT20 -> 0.023821881 | CA20: =+BO20-BU20 -> 0.0052195229 | CB20: =+BP20-BV20 -> 0.018844833 | CC20: =BW20*10000 -> 0 | CD20: =BX20*10000 -> 15.390508 | CE20: =BY20*10000 -> 8918.5026 | CF20: =BZ20*10000 -> 238.21881 | CG20: =CA20*10000 -> 52.195229 | CH20: =CB20*10000 -> 188.44833
A21: FY26 | B21: FY26 | C21: 01 Jan | D21: 01 Jan | E21: Week 02 | F21: =+F20+1 -> 46026 | G21: SUN | H21: 29.97 | I21: 7651.58 | J21: 223.07 | K21: 19386.4 | L21: 17174.12 | M21: =SUM(H21:L21) -> 44465.14 | N21: FY25 | O21: FY25 | P21: 01 Jan | Q21: 01 Jan | R21: Week 02 | S21: =+S20+1 -> 45662 | T21: SUN | U21: 49.93 | V21: 7387.57 | W21: 460.86 | X21: 23207.13 | Y21: 16401.54 | Z21: =SUM(U21:Y21) -> 47507.03 | AA21: =+H21-U21 -> -19.96 | AB21: =+I21-V21 -> 264.01 | AC21: =+J21-W21 -> -237.79 | AD21: =+K21-X21 -> -3820.73 | AE21: =+L21-Y21 -> 772.58 | AF21: =+M21-Z21 -> -3041.89 | AG21: =AA21/U21 -> -0.39975966 | AH21: =AB21/V21 -> 0.035737056 | AI21: =AC21/W21 -> -0.51597014 | AJ21: =AD21/X21 -> -0.16463604 | AK21: =AE21/Y21 -> 0.047104113 | AL21: =AF21/Z21 -> -0.064030313 | AM21: 29.97 | AN21: 1641.77 | AO21: 50.56 | AP21: 6262.15 | AQ21: 4951.11 | AR21: =SUM(AM21:AQ21) -> 12935.56 | AS21: 49.93 | AT21: 1566.49 | AU21: 111.13 | AV21: 7349.26 | AW21: 4707.66 | AX21: =SUM(AS21:AW21) -> 13784.47 | AY21: =+AM21-AS21 -> -19.96 | AZ21: =+AN21-AT21 -> 75.28 | BA21: =+AO21-AU21 -> -60.57 | BB21: =+AP21-AV21 -> -1087.11 | BC21: =+AQ21-AW21 -> 243.45 | BD21: =+AR21-AX21 -> -848.91 | BE21: =AY21/AS21 -> -0.39975966 | BF21: =AZ21/AT21 -> 0.048056483 | BG21: =BA21/AU21 -> -0.54503734 | BH21: =BB21/AV21 -> -0.14792102 | BI21: =BC21/AW21 -> 0.05171359 | BJ21: =BD21/AX21 -> -0.061584522 | BK21: =IFERROR(AM21/H21,0) -> 1 | BL21: =IFERROR(AN21/I21,0) -> 0.21456614 | BM21: =IFERROR(AO21/J21,0) -> 0.22665531 | BN21: =IFERROR(AP21/K21,0) -> 0.32301768 | BO21: =IFERROR(AQ21/L21,0) -> 0.28828901 | BP21: =IFERROR(AR21/M21,0) -> 0.29091464 | BQ21: =IFERROR(AS21/U21,0) -> 1 | BR21: =IFERROR(AT21/V21,0) -> 0.21204401 | BS21: =IFERROR(AU21/W21,0) -> 0.24113614 | BT21: =IFERROR(AV21/X21,0) -> 0.31668112 | BU21: =IFERROR(AW21/Y21,0) -> 0.28702549 | BV21: =IFERROR(AX21/Z21,0) -> 0.29015643 | BW21: =+BK21-BQ21 -> 0 | BX21: =+BL21-BR21 -> 0.0025221274 | BY21: =+BM21-BS21 -> -0.014480827 | BZ21: =+BN21-BT21 -> 0.0063365591 | CA21: =+BO21-BU21 -> 0.0012635203 | CB21: =+BP21-BV21 -> 0.00075821033 | CC21: =BW21*10000 -> 0 | CD21: =BX21*10000 -> 25.221274 | CE21: =BY21*10000 -> -144.80827 | CF21: =BZ21*10000 -> 63.365591 | CG21: =CA21*10000 -> 12.635203 | CH21: =CB21*10000 -> 7.5821033
A22: FY26 | B22: FY26 | C22: 01 Jan | D22: 01 Jan | E22: Week 02 | F22: =+F21+1 -> 46027 | G22: MON | H22: 85.33 | I22: 7593.79 | J22: 358.09 | K22: 23720.96 | L22: 23403.82 | M22: =SUM(H22:L22) -> 55161.99 | N22: FY25 | O22: FY25 | P22: 01 Jan | Q22: 01 Jan | R22: Week 02 | S22: =+S21+1 -> 45663 | T22: MON | U22: 224.85 | V22: 8156.35 | W22: 514.13 | X22: 33307.07 | Y22: 32807.79 | Z22: =SUM(U22:Y22) -> 75010.19 | AA22: =+H22-U22 -> -139.52 | AB22: =+I22-V22 -> -562.56 | AC22: =+J22-W22 -> -156.04 | AD22: =+K22-X22 -> -9586.11 | AE22: =+L22-Y22 -> -9403.97 | AF22: =+M22-Z22 -> -19848.2 | AG22: =AA22/U22 -> -0.62050256 | AH22: =AB22/V22 -> -0.068972028 | AI22: =AC22/W22 -> -0.30350301 | AJ22: =AD22/X22 -> -0.28781007 | AK22: =AE22/Y22 -> -0.28663833 | AL22: =AF22/Z22 -> -0.26460672 | AM22: 85.33 | AN22: 1578.31 | AO22: 77.76 | AP22: 7700.8 | AQ22: 6956.31 | AR22: =SUM(AM22:AQ22) -> 16398.51 | AS22: 224.85 | AT22: 1594.3 | AU22: 218.94 | AV22: 10130.4 | AW22: 9014.1 | AX22: =SUM(AS22:AW22) -> 21182.59 | AY22: =+AM22-AS22 -> -139.52 | AZ22: =+AN22-AT22 -> -15.99 | BA22: =+AO22-AU22 -> -141.18 | BB22: =+AP22-AV22 -> -2429.6 | BC22: =+AQ22-AW22 -> -2057.79 | BD22: =+AR22-AX22 -> -4784.08 | BE22: =AY22/AS22 -> -0.62050256 | BF22: =AZ22/AT22 -> -0.01002948 | BG22: =BA22/AU22 -> -0.6448342 | BH22: =BB22/AV22 -> -0.23983258 | BI22: =BC22/AW22 -> -0.22828569 | BJ22: =BD22/AX22 -> -0.22584962 | BK22: =IFERROR(AM22/H22,0) -> 1 | BL22: =IFERROR(AN22/I22,0) -> 0.2078422 | BM22: =IFERROR(AO22/J22,0) -> 0.21715211 | BN22: =IFERROR(AP22/K22,0) -> 0.32464116 | BO22: =IFERROR(AQ22/L22,0) -> 0.29722968 | BP22: =IFERROR(AR22/M22,0) -> 0.29727916 | BQ22: =IFERROR(AS22/U22,0) -> 1 | BR22: =IFERROR(AT22/V22,0) -> 0.19546734 | BS22: =IFERROR(AU22/W22,0) -> 0.4258456 | BT22: =IFERROR(AV22/X22,0) -> 0.30415164 | BU22: =IFERROR(AW22/Y22,0) -> 0.27475487 | BV22: =IFERROR(AX22/Z22,0) -> 0.28239617 | BW22: =+BK22-BQ22 -> 0 | BX22: =+BL22-BR22 -> 0.012374862 | BY22: =+BM22-BS22 -> -0.20869349 | BZ22: =+BN22-BT22 -> 0.02048952 | CA22: =+BO22-BU22 -> 0.022474815 | CB22: =+BP22-BV22 -> 0.014882994 | CC22: =BW22*10000 -> 0 | CD22: =BX22*10000 -> 123.74862 | CE22: =BY22*10000 -> -2086.9349 | CF22: =BZ22*10000 -> 204.8952 | CG22: =CA22*10000 -> 224.74815 | CH22: =CB22*10000 -> 148.82994
A23: FY26 | B23: FY26 | C23: 01 Jan | D23: 01 Jan | E23: Week 02 | F23: =+F22+1 -> 46028 | G23: TUE | H23: 24.95 | I23: 7734.18 | J23: 368.37 | K23: 28623.92 | L23: 22686.61 | M23: =SUM(H23:L23) -> 59438.03 | N23: FY25 | O23: FY25 | P23: 01 Jan | Q23: 01 Jan | R23: Week 02 | S23: =+S22+1 -> 45664 | T23: TUE | U23: 49.93 | V23: 7037.43 | W23: 240.4 | X23: 23269.05 | Y23: 20585.9 | Z23: =SUM(U23:Y23) -> 51182.71 | AA23: =+H23-U23 -> -24.98 | AB23: =+I23-V23 -> 696.75 | AC23: =+J23-W23 -> 127.97 | AD23: =+K23-X23 -> 5354.87 | AE23: =+L23-Y23 -> 2100.71 | AF23: =+M23-Z23 -> 8255.32 | AG23: =AA23/U23 -> -0.50030042 | AH23: =AB23/V23 -> 0.099006313 | AI23: =AC23/W23 -> 0.53232113 | AJ23: =AD23/X23 -> 0.23012843 | AK23: =AE23/Y23 -> 0.10204606 | AL23: =AF23/Z23 -> 0.16129119 | AM23: 24.95 | AN23: 1561.99 | AO23: 110.31 | AP23: 10601.75 | AQ23: 7092.67 | AR23: =SUM(AM23:AQ23) -> 19391.67 | AS23: 49.93 | AT23: 1459.36 | AU23: 88.1 | AV23: 9456.19 | AW23: 5087.9 | AX23: =SUM(AS23:AW23) -> 16141.48 | AY23: =+AM23-AS23 -> -24.98 | AZ23: =+AN23-AT23 -> 102.63 | BA23: =+AO23-AU23 -> 22.21 | BB23: =+AP23-AV23 -> 1145.56 | BC23: =+AQ23-AW23 -> 2004.77 | BD23: =+AR23-AX23 -> 3250.19 | BE23: =AY23/AS23 -> -0.50030042 | BF23: =AZ23/AT23 -> 0.070325348 | BG23: =BA23/AU23 -> 0.25209989 | BH23: =BB23/AV23 -> 0.12114393 | BI23: =BC23/AW23 -> 0.39402701 | BJ23: =BD23/AX23 -> 0.20135638 | BK23: =IFERROR(AM23/H23,0) -> 1 | BL23: =IFERROR(AN23/I23,0) -> 0.20195935 | BM23: =IFERROR(AO23/J23,0) -> 0.29945435 | BN23: =IFERROR(AP23/K23,0) -> 0.37038079 | BO23: =IFERROR(AQ23/L23,0) -> 0.31263684 | BP23: =IFERROR(AR23/M23,0) -> 0.32625021 | BQ23: =IFERROR(AS23/U23,0) -> 1 | BR23: =IFERROR(AT23/V23,0) -> 0.20737116 | BS23: =IFERROR(AU23/W23,0) -> 0.36647255 | BT23: =IFERROR(AV23/X23,0) -> 0.40638488 | BU23: =IFERROR(AW23/Y23,0) -> 0.24715461 | BV23: =IFERROR(AX23/Z23,0) -> 0.31536978 | BW23: =+BK23-BQ23 -> 0 | BX23: =+BL23-BR23 -> -0.0054118024 | BY23: =+BM23-BS23 -> -0.067018193 | BZ23: =+BN23-BT23 -> -0.03600409 | CA23: =+BO23-BU23 -> 0.065482232 | CB23: =+BP23-BV23 -> 0.010880434 | CC23: =BW23*10000 -> 0 | CD23: =BX23*10000 -> -54.118024 | CE23: =BY23*10000 -> -670.18193 | CF23: =BZ23*10000 -> -360.0409 | CG23: =CA23*10000 -> 654.82232 | CH23: =CB23*10000 -> 108.80434
A24: FY26 | B24: FY26 | C24: 01 Jan | D24: 01 Jan | E24: Week 02 | F24: =+F23+1 -> 46029 | G24: WED | H24: 74.94 | I24: 11294.36 | J24: 620.16 | K24: 47284.79 | L24: 55953.33 | M24: =SUM(H24:L24) -> 115227.58 | N24: FY25 | O24: FY25 | P24: 01 Jan | Q24: 01 Jan | R24: Week 02 | S24: =+S23+1 -> 45665 | T24: WED | U24: 69.51 | V24: 10062.54 | W24: 545.08 | X24: 33892.12 | Y24: 35393.37 | Z24: =SUM(U24:Y24) -> 79962.62 | AA24: =+H24-U24 -> 5.43 | AB24: =+I24-V24 -> 1231.82 | AC24: =+J24-W24 -> 75.08 | AD24: =+K24-X24 -> 13392.67 | AE24: =+L24-Y24 -> 20559.96 | AF24: =+M24-Z24 -> 35264.96 | AG24: =AA24/U24 -> 0.078118256 | AH24: =AB24/V24 -> 0.12241641 | AI24: =AC24/W24 -> 0.13774125 | AJ24: =AD24/X24 -> 0.39515587 | AK24: =AE24/Y24 -> 0.58089863 | AL24: =AF24/Z24 -> 0.44101807 | AM24: 74.94 | AN24: 2305.7 | AO24: 59.32 | AP24: 23708.37 | AQ24: 13505.36 | AR24: =SUM(AM24:AQ24) -> 39653.69 | AS24: 69.51 | AT24: 1933.2 | AU24: 144.21 | AV24: 11671.6 | AW24: 9775.26 | AX24: =SUM(AS24:AW24) -> 23593.78 | AY24: =+AM24-AS24 -> 5.43 | AZ24: =+AN24-AT24 -> 372.5 | BA24: =+AO24-AU24 -> -84.89 | BB24: =+AP24-AV24 -> 12036.77 | BC24: =+AQ24-AW24 -> 3730.1 | BD24: =+AR24-AX24 -> 16059.91 | BE24: =AY24/AS24 -> 0.078118256 | BF24: =AZ24/AT24 -> 0.1926857 | BG24: =BA24/AU24 -> -0.58865543 | BH24: =BB24/AV24 -> 1.0312871 | BI24: =BC24/AW24 -> 0.38158576 | BJ24: =BD24/AX24 -> 0.68068406 | BK24: =IFERROR(AM24/H24,0) -> 1 | BL24: =IFERROR(AN24/I24,0) -> 0.20414614 | BM24: =IFERROR(AO24/J24,0) -> 0.095652735 | BN24: =IFERROR(AP24/K24,0) -> 0.50139527 | BO24: =IFERROR(AQ24/L24,0) -> 0.2413683 | BP24: =IFERROR(AR24/M24,0) -> 0.34413367 | BQ24: =IFERROR(AS24/U24,0) -> 1 | BR24: =IFERROR(AT24/V24,0) -> 0.19211849 | BS24: =IFERROR(AU24/W24,0) -> 0.26456667 | BT24: =IFERROR(AV24/X24,0) -> 0.34437503 | BU24: =IFERROR(AW24/Y24,0) -> 0.27618902 | BV24: =IFERROR(AX24/Z24,0) -> 0.29506012 | BW24: =+BK24-BQ24 -> 0 | BX24: =+BL24-BR24 -> 0.012027649 | BY24: =+BM24-BS24 -> -0.16891393 | BZ24: =+BN24-BT24 -> 0.15702023 | CA24: =+BO24-BU24 -> -0.034820718 | CB24: =+BP24-BV24 -> 0.049073553 | CC24: =BW24*10000 -> 0 | CD24: =BX24*10000 -> 120.27649 | CE24: =BY24*10000 -> -1689.1393 | CF24: =BZ24*10000 -> 1570.2023 | CG24: =CA24*10000 -> -348.20718 | CH24: =CB24*10000 -> 490.73553
A25: FY26 | B25: FY26 | C25: 01 Jan | D25: 01 Jan | E25: Week 02 | F25: =+F24+1 -> 46030 | G25: THU | H25: 184.87 | I25: 10152.49 | J25: 287.05 | K25: 39927.03 | L25: 36799.69 | M25: =SUM(H25:L25) -> 87351.13 | N25: FY25 | O25: FY25 | P25: 01 Jan | Q25: 01 Jan | R25: Week 02 | S25: =+S24+1 -> 45666 | T25: THU | U25: 187.65 | V25: 11592.09 | W25: 621.27 | X25: 31064.78 | Y25: 23769.04 | Z25: =SUM(U25:Y25) -> 67234.83 | AA25: =+H25-U25 -> -2.78 | AB25: =+I25-V25 -> -1439.6 | AC25: =+J25-W25 -> -334.22 | AD25: =+K25-X25 -> 8862.25 | AE25: =+L25-Y25 -> 13030.65 | AF25: =+M25-Z25 -> 20116.3 | AG25: =AA25/U25 -> -0.014814815 | AH25: =AB25/V25 -> -0.12418813 | AI25: =AC25/W25 -> -0.53796256 | AJ25: =AD25/X25 -> 0.28528288 | AK25: =AE25/Y25 -> 0.54821945 | AL25: =AF25/Z25 -> 0.29919463 | AM25: 144.15 | AN25: 2155.58 | AO25: 68.3 | AP25: 16125.33 | AQ25: 9842.55 | AR25: =SUM(AM25:AQ25) -> 28335.91 | AS25: 187.65 | AT25: 2355.72 | AU25: 269.43 | AV25: 10625.82 | AW25: 6628.73 | AX25: =SUM(AS25:AW25) -> 20067.35 | AY25: =+AM25-AS25 -> -43.5 | AZ25: =+AN25-AT25 -> -200.14 | BA25: =+AO25-AU25 -> -201.13 | BB25: =+AP25-AV25 -> 5499.51 | BC25: =+AQ25-AW25 -> 3213.82 | BD25: =+AR25-AX25 -> 8268.56 | BE25: =AY25/AS25 -> -0.23181455 | BF25: =AZ25/AT25 -> -0.084959163 | BG25: =BA25/AU25 -> -0.74650187 | BH25: =BB25/AV25 -> 0.517561 | BI25: =BC25/AW25 -> 0.48483194 | BJ25: =BD25/AX25 -> 0.41204045 | BK25: =IFERROR(AM25/H25,0) -> 0.77973711 | BL25: =IFERROR(AN25/I25,0) -> 0.21232033 | BM25: =IFERROR(AO25/J25,0) -> 0.23793764 | BN25: =IFERROR(AP25/K25,0) -> 0.40387001 | BO25: =IFERROR(AQ25/L25,0) -> 0.26746285 | BP25: =IFERROR(AR25/M25,0) -> 0.32439088 | BQ25: =IFERROR(AS25/U25,0) -> 1 | BR25: =IFERROR(AT25/V25,0) -> 0.20321788 | BS25: =IFERROR(AU25/W25,0) -> 0.43367618 | BT25: =IFERROR(AV25/X25,0) -> 0.34205361 | BU25: =IFERROR(AW25/Y25,0) -> 0.27888085 | BV25: =IFERROR(AX25/Z25,0) -> 0.29846658 | BW25: =+BK25-BQ25 -> -0.22026289 | BX25: =+BL25-BR25 -> 0.0091024434 | BY25: =+BM25-BS25 -> -0.19573854 | BZ25: =+BN25-BT25 -> 0.061816404 | CA25: =+BO25-BU25 -> -0.011417996 | CB25: =+BP25-BV25 -> 0.025924297 | CC25: =BW25*10000 -> -2202.6289 | CD25: =BX25*10000 -> 91.024434 | CE25: =BY25*10000 -> -1957.3854 | CF25: =BZ25*10000 -> 618.16404 | CG25: =CA25*10000 -> -114.17996 | CH25: =CB25*10000 -> 259.24297
A26: FY26 | B26: FY26 | C26: 01 Jan | D26: 01 Jan | E26: Week 02 | F26: =+F25+1 -> 46031 | G26: FRI | H26: 99.92 | I26: 15830.92 | J26: 849.08 | K26: 47706.02 | L26: 34191.19 | M26: =SUM(H26:L26) -> 98677.13 | N26: FY25 | O26: FY25 | P26: 01 Jan | Q26: 01 Jan | R26: Week 02 | S26: =+S25+1 -> 45667 | T26: FRI | U26: 54.95 | V26: 20185.48 | W26: 874.47 | X26: 50966.88 | Y26: 40374.41 | Z26: =SUM(U26:Y26) -> 112456.19 | AA26: =+H26-U26 -> 44.97 | AB26: =+I26-V26 -> -4354.56 | AC26: =+J26-W26 -> -25.39 | AD26: =+K26-X26 -> -3260.86 | AE26: =+L26-Y26 -> -6183.22 | AF26: =+M26-Z26 -> -13779.06 | AG26: =AA26/U26 -> 0.81838035 | AH26: =AB26/V26 -> -0.21572734 | AI26: =AC26/W26 -> -0.02903473 | AJ26: =AD26/X26 -> -0.063979981 | AK26: =AE26/Y26 -> -0.15314701 | AL26: =AF26/Z26 -> -0.12252825 | AM26: 99.92 | AN26: 3356.38 | AO26: 269.02 | AP26: 17777.38 | AQ26: 9953.67 | AR26: =SUM(AM26:AQ26) -> 31456.37 | AS26: 54.95 | AT26: 4169.47 | AU26: 318.7 | AV26: 15973.98 | AW26: 11494.96 | AX26: =SUM(AS26:AW26) -> 32012.06 | AY26: =+AM26-AS26 -> 44.97 | AZ26: =+AN26-AT26 -> -813.09 | BA26: =+AO26-AU26 -> -49.68 | BB26: =+AP26-AV26 -> 1803.4 | BC26: =+AQ26-AW26 -> -1541.29 | BD26: =+AR26-AX26 -> -555.69 | BE26: =AY26/AS26 -> 0.81838035 | BF26: =AZ26/AT26 -> -0.1950104 | BG26: =BA26/AU26 -> -0.15588328 | BH26: =BB26/AV26 -> 0.1128961 | BI26: =BC26/AW26 -> -0.13408398 | BJ26: =BD26/AX26 -> -0.01735877 | BK26: =IFERROR(AM26/H26,0) -> 1 | BL26: =IFERROR(AN26/I26,0) -> 0.21201421 | BM26: =IFERROR(AO26/J26,0) -> 0.31683705 | BN26: =IFERROR(AP26/K26,0) -> 0.37264437 | BO26: =IFERROR(AQ26/L26,0) -> 0.29111798 | BP26: =IFERROR(AR26/M26,0) -> 0.31878075 | BQ26: =IFERROR(AS26/U26,0) -> 1 | BR26: =IFERROR(AT26/V26,0) -> 0.20655788 | BS26: =IFERROR(AU26/W26,0) -> 0.36444932 | BT26: =IFERROR(AV26/X26,0) -> 0.31341883 | BU26: =IFERROR(AW26/Y26,0) -> 0.28470905 | BV26: =IFERROR(AX26/Z26,0) -> 0.2846625 | BW26: =+BK26-BQ26 -> 0 | BX26: =+BL26-BR26 -> 0.005456328 | BY26: =+BM26-BS26 -> -0.047612276 | BZ26: =+BN26-BT26 -> 0.059225543 | CA26: =+BO26-BU26 -> 0.006408923 | CB26: =+BP26-BV26 -> 0.034118257 | CC26: =BW26*10000 -> 0 | CD26: =BX26*10000 -> 54.56328 | CE26: =BY26*10000 -> -476.12276 | CF26: =BZ26*10000 -> 592.25543 | CG26: =CA26*10000 -> 64.08923 | CH26: =CB26*10000 -> 341.18257
A27: FY26 | B27: FY26 | C27: 01 Jan | D27: 01 Jan | E27: Week 02 | F27: =+F26+1 -> 46032 | G27: SAT | H27: 19.99 | I27: 15874.33 | J27: 1237.38 | K27: 46804.32 | L27: 36021.04 | M27: =SUM(H27:L27) -> 99957.06 | N27: FY25 | O27: FY25 | P27: 01 Jan | Q27: 01 Jan | R27: Week 02 | S27: =+S26+1 -> 45668 | T27: SAT | U27: 19.99 | V27: 16468.49 | W27: 1126.15 | X27: 45912.94 | Y27: 37324.43 | Z27: =SUM(U27:Y27) -> 100852 | AA27: =+H27-U27 -> 0 | AB27: =+I27-V27 -> -594.16 | AC27: =+J27-W27 -> 111.23 | AD27: =+K27-X27 -> 891.38 | AE27: =+L27-Y27 -> -1303.39 | AF27: =+M27-Z27 -> -894.94 | AG27: =AA27/U27 -> 0 | AH27: =AB27/V27 -> -0.036078596 | AI27: =AC27/W27 -> 0.098770146 | AJ27: =AD27/X27 -> 0.01941457 | AK27: =AE27/Y27 -> -0.03492056 | AL27: =AF27/Z27 -> -0.0088737953 | AM27: 19.99 | AN27: 3442.68 | AO27: 398.16 | AP27: 16489.53 | AQ27: 11207.4 | AR27: =SUM(AM27:AQ27) -> 31557.76 | AS27: 19.99 | AT27: 3481.84 | AU27: 480.03 | AV27: 14325.72 | AW27: 10696.79 | AX27: =SUM(AS27:AW27) -> 29004.37 | AY27: =+AM27-AS27 -> 0 | AZ27: =+AN27-AT27 -> -39.16 | BA27: =+AO27-AU27 -> -81.87 | BB27: =+AP27-AV27 -> 2163.81 | BC27: =+AQ27-AW27 -> 510.61 | BD27: =+AR27-AX27 -> 2553.39 | BE27: =AY27/AS27 -> 0 | BF27: =AZ27/AT27 -> -0.011246927 | BG27: =BA27/AU27 -> -0.17055184 | BH27: =BB27/AV27 -> 0.15104372 | BI27: =BC27/AW27 -> 0.047734881 | BJ27: =BD27/AX27 -> 0.088034665 | BK27: =IFERROR(AM27/H27,0) -> 1 | BL27: =IFERROR(AN27/I27,0) -> 0.21687089 | BM27: =IFERROR(AO27/J27,0) -> 0.32177666 | BN27: =IFERROR(AP27/K27,0) -> 0.35230786 | BO27: =IFERROR(AQ27/L27,0) -> 0.31113483 | BP27: =IFERROR(AR27/M27,0) -> 0.31571317 | BQ27: =IFERROR(AS27/U27,0) -> 1 | BR27: =IFERROR(AT27/V27,0) -> 0.21142436 | BS27: =IFERROR(AU27/W27,0) -> 0.4262576 | BT27: =IFERROR(AV27/X27,0) -> 0.31201923 | BU27: =IFERROR(AW27/Y27,0) -> 0.28658951 | BV27: =IFERROR(AX27/Z27,0) -> 0.2875934 | BW27: =+BK27-BQ27 -> 0 | BX27: =+BL27-BR27 -> 0.0054465227 | BY27: =+BM27-BS27 -> -0.10448095 | BZ27: =+BN27-BT27 -> 0.040288638 | CA27: =+BO27-BU27 -> 0.024545318 | CB27: =+BP27-BV27 -> 0.028119763 | CC27: =BW27*10000 -> 0 | CD27: =BX27*10000 -> 54.465227 | CE27: =BY27*10000 -> -1044.8095 | CF27: =BZ27*10000 -> 402.88638 | CG27: =CA27*10000 -> 245.45318 | CH27: =CB27*10000 -> 281.19763
A28: FY26 | B28: FY26 | C28: 01 Jan | D28: 01 Jan | E28: Week 03 | F28: =+F27+1 -> 46033 | G28: SUN | H28: 24.95 | I28: 8758.29 | J28: 129.15 | K28: 27069.94 | L28: 20775.26 | M28: =SUM(H28:L28) -> 56757.59 | N28: FY25 | O28: FY25 | P28: 01 Jan | Q28: 01 Jan | R28: Week 03 | S28: =+S27+1 -> 45669 | T28: SUN | U28: 24.95 | V28: 8755.71 | W28: 510.83 | X28: 22354.98 | Y28: 20673.72 | Z28: =SUM(U28:Y28) -> 52320.19 | AA28: =+H28-U28 -> 0 | AB28: =+I28-V28 -> 2.58 | AC28: =+J28-W28 -> -381.68 | AD28: =+K28-X28 -> 4714.96 | AE28: =+L28-Y28 -> 101.54 | AF28: =+M28-Z28 -> 4437.4 | AG28: =AA28/U28 -> 0 | AH28: =AB28/V28 -> 0.00029466485 | AI28: =AC28/W28 -> -0.74717616 | AJ28: =AD28/X28 -> 0.21091318 | AK28: =AE28/Y28 -> 0.0049115495 | AL28: =AF28/Z28 -> 0.084812383 | AM28: 24.95 | AN28: 1889.95 | AO28: -13.44 | AP28: 9327.68 | AQ28: 6661.22 | AR28: =SUM(AM28:AQ28) -> 17890.36 | AS28: 24.95 | AT28: 1811.63 | AU28: 139.57 | AV28: 6703.71 | AW28: 5931.34 | AX28: =SUM(AS28:AW28) -> 14611.2 | AY28: =+AM28-AS28 -> 0 | AZ28: =+AN28-AT28 -> 78.32 | BA28: =+AO28-AU28 -> -153.01 | BB28: =+AP28-AV28 -> 2623.97 | BC28: =+AQ28-AW28 -> 729.88 | BD28: =+AR28-AX28 -> 3279.16 | BE28: =AY28/AS28 -> 0 | BF28: =AZ28/AT28 -> 0.043231786 | BG28: =BA28/AU28 -> -1.0962958 | BH28: =BB28/AV28 -> 0.39142057 | BI28: =BC28/AW28 -> 0.12305482 | BJ28: =BD28/AX28 -> 0.22442784 | BK28: =IFERROR(AM28/H28,0) -> 1 | BL28: =IFERROR(AN28/I28,0) -> 0.21578984 | BM28: =IFERROR(AO28/J28,0) -> -0.10406504 | BN28: =IFERROR(AP28/K28,0) -> 0.34457705 | BO28: =IFERROR(AQ28/L28,0) -> 0.32063233 | BP28: =IFERROR(AR28/M28,0) -> 0.31520648 | BQ28: =IFERROR(AS28/U28,0) -> 1 | BR28: =IFERROR(AT28/V28,0) -> 0.20690841 | BS28: =IFERROR(AU28/W28,0) -> 0.27322201 | BT28: =IFERROR(AV28/X28,0) -> 0.29987546 | BU28: =IFERROR(AW28/Y28,0) -> 0.28690241 | BV28: =IFERROR(AX28/Z28,0) -> 0.27926504 | BW28: =+BK28-BQ28 -> 0 | BX28: =+BL28-BR28 -> 0.0088814342 | BY28: =+BM28-BS28 -> -0.37728705 | BZ28: =+BN28-BT28 -> 0.044701583 | CA28: =+BO28-BU28 -> 0.033729923 | CB28: =+BP28-BV28 -> 0.035941436 | CC28: =BW28*10000 -> 0 | CD28: =BX28*10000 -> 88.814342 | CE28: =BY28*10000 -> -3772.8705 | CF28: =BZ28*10000 -> 447.01583 | CG28: =CA28*10000 -> 337.29923 | CH28: =CB28*10000 -> 359.41436
A29: FY26 | B29: FY26 | C29: 01 Jan | D29: 01 Jan | E29: Week 03 | F29: =+F28+1 -> 46034 | G29: MON | H29: 104.88 | I29: 7266.19 | J29: 253.35 | K29: 33525.95 | L29: 26672.64 | M29: =SUM(H29:L29) -> 67823.01 | N29: FY25 | O29: FY25 | P29: 01 Jan | Q29: 01 Jan | R29: Week 03 | S29: =+S28+1 -> 45670 | T29: MON | U29: 88.8 | V29: 7946.83 | W29: 343.64 | X29: 31174.73 | Y29: 25655.52 | Z29: =SUM(U29:Y29) -> 65209.52 | AA29: =+H29-U29 -> 16.08 | AB29: =+I29-V29 -> -680.64 | AC29: =+J29-W29 -> -90.29 | AD29: =+K29-X29 -> 2351.22 | AE29: =+L29-Y29 -> 1017.12 | AF29: =+M29-Z29 -> 2613.49 | AG29: =AA29/U29 -> 0.18108108 | AH29: =AB29/V29 -> -0.085649246 | AI29: =AC29/W29 -> -0.2627459 | AJ29: =AD29/X29 -> 0.075420701 | AK29: =AE29/Y29 -> 0.039645269 | AL29: =AF29/Z29 -> 0.040078351 | AM29: 104.88 | AN29: 1481.09 | AO29: 72.03 | AP29: 13575.63 | AQ29: 7948.86 | AR29: =SUM(AM29:AQ29) -> 23182.49 | AS29: 88.8 | AT29: 1588.35 | AU29: 234.99 | AV29: 9716.88 | AW29: 7415.05 | AX29: =SUM(AS29:AW29) -> 19044.07 | AY29: =+AM29-AS29 -> 16.08 | AZ29: =+AN29-AT29 -> -107.26 | BA29: =+AO29-AU29 -> -162.96 | BB29: =+AP29-AV29 -> 3858.75 | BC29: =+AQ29-AW29 -> 533.81 | BD29: =+AR29-AX29 -> 4138.42 | BE29: =AY29/AS29 -> 0.18108108 | BF29: =AZ29/AT29 -> -0.067529197 | BG29: =BA29/AU29 -> -0.69347632 | BH29: =BB29/AV29 -> 0.39711821 | BI29: =BC29/AW29 -> 0.071990074 | BJ29: =BD29/AX29 -> 0.21730754 | BK29: =IFERROR(AM29/H29,0) -> 1 | BL29: =IFERROR(AN29/I29,0) -> 0.2038331 | BM29: =IFERROR(AO29/J29,0) -> 0.28431024 | BN29: =IFERROR(AP29/K29,0) -> 0.40492902 | BO29: =IFERROR(AQ29/L29,0) -> 0.29801549 | BP29: =IFERROR(AR29/M29,0) -> 0.34180863 | BQ29: =IFERROR(AS29/U29,0) -> 1 | BR29: =IFERROR(AT29/V29,0) -> 0.19987215 | BS29: =IFERROR(AU29/W29,0) -> 0.6838261 | BT29: =IFERROR(AV29/X29,0) -> 0.31169091 | BU29: =IFERROR(AW29/Y29,0) -> 0.28902357 | BV29: =IFERROR(AX29/Z29,0) -> 0.29204432 | BW29: =+BK29-BQ29 -> 0 | BX29: =+BL29-BR29 -> 0.0039609452 | BY29: =+BM29-BS29 -> -0.39951585 | BZ29: =+BN29-BT29 -> 0.093238106 | CA29: =+BO29-BU29 -> 0.0089919238 | CB29: =+BP29-BV29 -> 0.049764307 | CC29: =BW29*10000 -> 0 | CD29: =BX29*10000 -> 39.609452 | CE29: =BY29*10000 -> -3995.1585 | CF29: =BZ29*10000 -> 932.38106 | CG29: =CA29*10000 -> 89.919238 | CH29: =CB29*10000 -> 497.64307
... A377: FY26 | B377: FY26 | C377: 12 Dec | D377: 12 Dec | E377: Week 52 | F377: =+F376+1 -> 46382 | G377: SAT | H377: 0 | I377: 0 | J377: 0 | K377: 0 | L377: 0 | M377: =SUM(H377:L377) -> 0 | N377: FY25 | O377: FY25 | P377: 12 Dec | Q377: 12 Dec | R377: Week 52 | S377: =+S376+1 -> 46018 | T377: SAT | U377: 104.94 | V377: 14188 | W377: 881.04 | X377: 53531.92 | Y377: 42451.05 | Z377: =SUM(U377:Y377) -> 111156.95 | AA377: =+H377-U377 -> -104.94 | AB377: =+I377-V377 -> -14188 | AC377: =+J377-W377 -> -881.04 | AD377: =+K377-X377 -> -53531.92 | AE377: =+L377-Y377 -> -42451.05 | AF377: =+M377-Z377 -> -111156.95 | AG377: =AA377/U377 -> -1 | AH377: =AB377/V377 -> -1 | AI377: =AC377/W377 -> -1 | AJ377: =AD377/X377 -> -1 | AK377: =AE377/Y377 -> -1 | AL377: =AF377/Z377 -> -1 | AM377: 0 | AN377: 0 | AO377: 0 | AP377: 0 | AQ377: 0 | AR377: =SUM(AM377:AQ377) -> 0 | AS377: 104.94 | AT377: 3045.13 | AU377: 271.7 | AV377: 20911.64 | AW377: 12838.41 | AX377: =SUM(AS377:AW377) -> 37171.82 | AY377: =+AM377-AS377 -> -104.94 | AZ377: =+AN377-AT377 -> -3045.13 | BA377: =+AO377-AU377 -> -271.7 | BB377: =+AP377-AV377 -> -20911.64 | BC377: =+AQ377-AW377 -> -12838.41 | BD377: =+AR377-AX377 -> -37171.82 | BE377: =AY377/AS377 -> -1 | BF377: =AZ377/AT377 -> -1 | BG377: =BA377/AU377 -> -1 | BH377: =BB377/AV377 -> -1 | BI377: =BC377/AW377 -> -1 | BJ377: =BD377/AX377 -> -1 | BK377: =IFERROR(AM377/H377,0) -> 0 | BL377: =IFERROR(AN377/I377,0) -> 0 | BM377: =IFERROR(AO377/J377,0) -> 0 | BN377: =IFERROR(AP377/K377,0) -> 0 | BO377: =IFERROR(AQ377/L377,0) -> 0 | BP377: =IFERROR(AR377/M377,0) -> 0 | BQ377: =IFERROR(AS377/U377,0) -> 1 | BR377: =IFERROR(AT377/V377,0) -> 0.21462715 | BS377: =IFERROR(AU377/W377,0) -> 0.30838554 | BT377: =IFERROR(AV377/X377,0) -> 0.39063871 | BU377: =IFERROR(AW377/Y377,0) -> 0.30242856 | BV377: =IFERROR(AX377/Z377,0) -> 0.33440842 | BW377: =+BK377-BQ377 -> -1 | BX377: =+BL377-BR377 -> -0.21462715 | BY377: =+BM377-BS377 -> -0.30838554 | BZ377: =+BN377-BT377 -> -0.39063871 | CA377: =+BO377-BU377 -> -0.30242856 | CB377: =+BP377-BV377 -> -0.33440842 | CC377: =BW377*10000 -> -10000 | CD377: =BX377*10000 -> -2146.2715 | CE377: =BY377*10000 -> -3083.8554 | CF377: =BZ377*10000 -> -3906.3871 | CG377: =CA377*10000 -> -3024.2856 | CH377: =CB377*10000 -> -3344.0842
F379: Week 01 | H379: =SUMIF($E$14:$E$377,$F379,H$14:H$377) -> 379.6 | I379: =SUMIF($E$14:$E$377,$F379,I$14:I$377) -> 103959.65 | J379: =SUMIF($E$14:$E$377,$F379,J$14:J$377) -> 8578.44 | K379: =SUMIF($E$14:$E$377,$F379,K$14:K$377) -> 358569.47 | L379: =SUMIF($E$14:$E$377,$F379,L$14:L$377) -> 296274.72 | M379: =SUM(H379:L379) -> 767761.88 | T379: Week 01 | U379: =SUMIF($M$14:$M$20,"<>0",U$14:U$20) -> 530.72 | V379: =SUMIF($M$14:$M$20,"<>0",V$14:V$20) -> 98608.03 | W379: =SUMIF($M$14:$M$20,"<>0",W$14:W$20) -> 7686.29 | X379: =SUMIF($M$14:$M$20,"<>0",X$14:X$20) -> 279903.57 | Y379: =SUMIF($M$14:$M$20,"<>0",Y$14:Y$20) -> 267353.87 | Z379: =SUM(U379:Y379) -> 654082.48 | AA379: =+H379-U379 -> -151.12 | AB379: =+I379-V379 -> 5351.62 | AC379: =+J379-W379 -> 892.15 | AD379: =+K379-X379 -> 78665.9 | AE379: =+L379-Y379 -> 28920.85 | AF379: =+M379-Z379 -> 113679.4 | AG379: =IFERROR(AA379/U379,"") -> -0.28474525 | AH379: =IFERROR(AB379/V379,"") -> 0.054271645 | AI379: =IFERROR(AC379/W379,"") -> 0.1160703 | AJ379: =IFERROR(AD379/X379,"") -> 0.28104643 | AK379: =IFERROR(AE379/Y379,"") -> 0.10817442 | AL379: =IFERROR(AF379/Z379,"") -> 0.17379979 | AM379: =SUMIF($E$14:$E$377,$F379,AM$14:AM$377) -> 379.6 | AN379: =SUMIF($E$14:$E$377,$F379,AN$14:AN$377) -> 22297.97 | AO379: =SUMIF($E$14:$E$377,$F379,AO$14:AO$377) -> 3120.56 | AP379: =SUMIF($E$14:$E$377,$F379,AP$14:AP$377) -> 136529.92 | AQ379: =SUMIF($E$14:$E$377,$F379,AQ$14:AQ$377) -> 83050.87 | AR379: =SUM(AM379:AQ379) -> 245378.92 | AS379: =SUMIF($M$14:$M$20,"<>0",AS$14:AS$20) -> 530.72 | AT379: =SUMIF($M$14:$M$20,"<>0",AT$14:AT$20) -> 20663.19 | AU379: =SUMIF($M$14:$M$20,"<>0",AU$14:AU$20) -> 2896.27 | AV379: =SUMIF($M$14:$M$20,"<>0",AV$14:AV$20) -> 85502.77 | AW379: =SUMIF($M$14:$M$20,"<>0",AW$14:AW$20) -> 74484.19 | AX379: =SUM(AS379:AW379) -> 184077.14 | AY379: =+AM379-AS379 -> -151.12 | AZ379: =+AN379-AT379 -> 1634.78 | BA379: =+AO379-AU379 -> 224.29 | BB379: =+AP379-AV379 -> 51027.15 | BC379: =+AQ379-AW379 -> 8566.68 | BD379: =+AR379-AX379 -> 61301.78 | BE379: =AY379/AS379 -> -0.28474525 | BF379: =AZ379/AT379 -> 0.079115567 | BG379: =BA379/AU379 -> 0.077440984 | BH379: =BB379/AV379 -> 0.59678944 | BI379: =BC379/AW379 -> 0.1150134 | BJ379: =BD379/AX379 -> 0.33302223 | BK379: =IFERROR(AM379/H379,0) -> 1 | BL379: =IFERROR(AN379/I379,0) -> 0.21448677 | BM379: =IFERROR(AO379/J379,0) -> 0.36376777 | BN379: =IFERROR(AP379/K379,0) -> 0.38076281 | BO379: =IFERROR(AQ379/L379,0) -> 0.2803171 | BP379: =IFERROR(AR379/M379,0) -> 0.3196029 | BQ379: =IFERROR(AS379/U379,0) -> 1 | BR379: =IFERROR(AT379/V379,0) -> 0.20954876 | BS379: =IFERROR(AU379/W379,0) -> 0.37680988 | BT379: =IFERROR(AV379/X379,0) -> 0.30547224 | BU379: =IFERROR(AW379/Y379,0) -> 0.27859776 | BV379: =IFERROR(AX379/Z379,0) -> 0.28142802 | BW379: =+BK379-BQ379 -> 0 | BX379: =+BL379-BR379 -> 0.0049380186 | BY379: =+BM379-BS379 -> -0.013042107 | BZ379: =+BN379-BT379 -> 0.075290575 | CA379: =+BO379-BU379 -> 0.0017193364 | CB379: =+BP379-BV379 -> 0.038174871 | CC379: =BW379*10000 -> 0 | CD379: =BX379*10000 -> 49.380186 | CE379: =BY379*10000 -> -130.42107 | CF379: =BZ379*10000 -> 752.90575 | CG379: =CA379*10000 -> 17.193364 | CH379: =CB379*10000 -> 381.74871
F380: Week 02 | H380: =SUMIF($E$14:$E$377,$F380,H$14:H$377) -> 519.97 | I380: =SUMIF($E$14:$E$377,$F380,I$14:I$377) -> 76131.65 | J380: =SUMIF($E$14:$E$377,$F380,J$14:J$377) -> 3943.2 | K380: =SUMIF($E$14:$E$377,$F380,K$14:K$377) -> 253453.44 | L380: =SUMIF($E$14:$E$377,$F380,L$14:L$377) -> 226229.8 | M380: =SUM(H380:L380) -> 560278.06 | T380: Week 02 | U380: =SUMIF($M$21:$M$27,"<>0",U$21:U$27) -> 656.81 | V380: =SUMIF($M$21:$M$27,"<>0",V$21:V$27) -> 80889.95 | W380: =SUMIF($M$21:$M$27,"<>0",W$21:W$27) -> 4382.36 | X380: =SUMIF($M$21:$M$27,"<>0",X$21:X$27) -> 241619.97 | Y380: =SUMIF($M$21:$M$27,"<>0",Y$21:Y$27) -> 206656.48 | Z380: =SUM(U380:Y380) -> 534205.57 | AA380: =+H380-U380 -> -136.84 | AB380: =+I380-V380 -> -4758.3 | AC380: =+J380-W380 -> -439.16 | AD380: =+K380-X380 -> 11833.47 | AE380: =+L380-Y380 -> 19573.32 | AF380: =+M380-Z380 -> 26072.49 | AG380: =IFERROR(AA380/U380,"") -> -0.20834031 | AH380: =IFERROR(AB380/V380,"") -> -0.058824366 | AI380: =IFERROR(AC380/W380,"") -> -0.10021085 | AJ380: =IFERROR(AD380/X380,"") -> 0.048975546 | AK380: =IFERROR(AE380/Y380,"") -> 0.094714281 | AL380: =IFERROR(AF380/Z380,"") -> 0.048806099 | AM380: =SUMIF($E$14:$E$377,$F380,AM$14:AM$377) -> 479.25 | AN380: =SUMIF($E$14:$E$377,$F380,AN$14:AN$377) -> 16042.41 | AO380: =SUMIF($E$14:$E$377,$F380,AO$14:AO$377) -> 1033.43 | AP380: =SUMIF($E$14:$E$377,$F380,AP$14:AP$377) -> 98665.31 | AQ380: =SUMIF($E$14:$E$377,$F380,AQ$14:AQ$377) -> 63509.07 | AR380: =SUM(AM380:AQ380) -> 179729.47 | AS380: =SUMIF($M$21:$M$27,"<>0",AS$21:AS$27) -> 656.81 | AT380: =SUMIF($M$21:$M$27,"<>0",AT$21:AT$27) -> 16560.38 | AU380: =SUMIF($M$21:$M$27,"<>0",AU$21:AU$27) -> 1630.54 | AV380: =SUMIF($M$21:$M$27,"<>0",AV$21:AV$27) -> 79532.97 | AW380: =SUMIF($M$21:$M$27,"<>0",AW$21:AW$27) -> 57405.4 | AX380: =SUM(AS380:AW380) -> 155786.1 | AY380: =+AM380-AS380 -> -177.56 | AZ380: =+AN380-AT380 -> -517.97 | BA380: =+AO380-AU380 -> -597.11 | BB380: =+AP380-AV380 -> 19132.34 | BC380: =+AQ380-AW380 -> 6103.67 | BD380: =+AR380-AX380 -> 23943.37 | BE380: =AY380/AS380 -> -0.27033693 | BF380: =AZ380/AT380 -> -0.031277664 | BG380: =BA380/AU380 -> -0.36620383 | BH380: =BB380/AV380 -> 0.2405586 | BI380: =BC380/AW380 -> 0.10632571 | BJ380: =BD380/AX380 -> 0.15369388 | BK380: =IFERROR(AM380/H380,0) -> 0.92168779 | BL380: =IFERROR(AN380/I380,0) -> 0.21071933 | BM380: =IFERROR(AO380/J380,0) -> 0.26207902 | BN380: =IFERROR(AP380/K380,0) -> 0.38928377 | BO380: =IFERROR(AQ380/L380,0) -> 0.28072814 | BP380: =IFERROR(AR380/M380,0) -> 0.3207862 | BQ380: =IFERROR(AS380/U380,0) -> 1 | BR380: =IFERROR(AT380/V380,0) -> 0.20472729 | BS380: =IFERROR(AU380/W380,0) -> 0.37206893 | BT380: =IFERROR(AV380/X380,0) -> 0.32916555 | BU380: =IFERROR(AW380/Y380,0) -> 0.27778176 | BV380: =IFERROR(AX380/Z380,0) -> 0.29162201 | BW380: =+BK380-BQ380 -> -0.07831221 | BX380: =+BL380-BR380 -> 0.0059920394 | BY380: =+BM380-BS380 -> -0.10998991 | BZ380: =+BN380-BT380 -> 0.060118219 | CA380: =+BO380-BU380 -> 0.0029463793 | CB380: =+BP380-BV380 -> 0.029164194 | CC380: =BW380*10000 -> -783.1221 | CD380: =BX380*10000 -> 59.920394 | CE380: =BY380*10000 -> -1099.8991 | CF380: =BZ380*10000 -> 601.18219 | CG380: =CA380*10000 -> 29.463793 | CH380: =CB380*10000 -> 291.64194
F381: Week 03 | H381: =SUMIF($E$14:$E$377,$F381,H$14:H$377) -> 324.59 | I381: =SUMIF($E$14:$E$377,$F381,I$14:I$377) -> 85989.77 | J381: =SUMIF($E$14:$E$377,$F381,J$14:J$377) -> 4774.97 | K381: =SUMIF($E$14:$E$377,$F381,K$14:K$377) -> 292520.02 | L381: =SUMIF($E$14:$E$377,$F381,L$14:L$377) -> 238665.24 | M381: =SUM(H381:L381) -> 622274.59 | T381: Week 03 | U381: =SUMIF($M$28:$M$34,"<>0",U$28:U$34) -> 549.82 | V381: =SUMIF($M$28:$M$34,"<>0",V$28:V$34) -> 88074.94 | W381: =SUMIF($M$28:$M$34,"<>0",W$28:W$34) -> 4418.16 | X381: =SUMIF($M$28:$M$34,"<>0",X$28:X$34) -> 259764.39 | Y381: =SUMIF($M$28:$M$34,"<>0",Y$28:Y$34) -> 240533.5 | Z381: =SUM(U381:Y381) -> 593340.81 | AA381: =+H381-U381 -> -225.23 | AB381: =+I381-V381 -> -2085.17 | AC381: =+J381-W381 -> 356.81 | AD381: =+K381-X381 -> 32755.63 | AE381: =+L381-Y381 -> -1868.26 | AF381: =+M381-Z381 -> 28933.78 | AG381: =IFERROR(AA381/U381,"") -> -0.40964316 | AH381: =IFERROR(AB381/V381,"") -> -0.023674952 | AI381: =IFERROR(AC381/W381,"") -> 0.080759864 | AJ381: =IFERROR(AD381/X381,"") -> 0.12609746 | AK381: =IFERROR(AE381/Y381,"") -> -0.0077671509 | AL381: =IFERROR(AF381/Z381,"") -> 0.048764183 | AM381: =SUMIF($E$14:$E$377,$F381,AM$14:AM$377) -> 4366.19 | AN381: =SUMIF($E$14:$E$377,$F381,AN$14:AN$377) -> 18334.94 | AO381: =SUMIF($E$14:$E$377,$F381,AO$14:AO$377) -> 1650.45 | AP381: =SUMIF($E$14:$E$377,$F381,AP$14:AP$377) -> 113718.19 | AQ381: =SUMIF($E$14:$E$377,$F381,AQ$14:AQ$377) -> 71572.43 | AR381: =SUM(AM381:AQ381) -> 209642.2 | AS381: =SUMIF($M$28:$M$34,"<>0",AS$28:AS$34) -> 549.82 | AT381: =SUMIF($M$28:$M$34,"<>0",AT$28:AT$34) -> 21252.46 | AU381: =SUMIF($M$28:$M$34,"<>0",AU$28:AU$34) -> 1744.92 | AV381: =SUMIF($M$28:$M$34,"<>0",AV$28:AV$34) -> 80607.99 | AW381: =SUMIF($M$28:$M$34,"<>0",AW$28:AW$34) -> 69294.44 | AX381: =SUM(AS381:AW381) -> 173449.63 | AY381: =+AM381-AS381 -> 3816.37 | AZ381: =+AN381-AT381 -> -2917.52 | BA381: =+AO381-AU381 -> -94.47 | BB381: =+AP381-AV381 -> 33110.2 | BC381: =+AQ381-AW381 -> 2277.99 | BD381: =+AR381-AX381 -> 36192.57 | BE381: =AY381/AS381 -> 6.9411262 | BF381: =AZ381/AT381 -> -0.13727917 | BG381: =BA381/AU381 -> -0.054140018 | BH381: =BB381/AV381 -> 0.41075581 | BI381: =BC381/AW381 -> 0.032874066 | BJ381: =BD381/AX381 -> 0.20866329 | BK381: =IFERROR(AM381/H381,0) -> 13.4514 | BL381: =IFERROR(AN381/I381,0) -> 0.21322234 | BM381: =IFERROR(AO381/J381,0) -> 0.34564615 | BN381: =IFERROR(AP381/K381,0) -> 0.38875353 | BO381: =IFERROR(AQ381/L381,0) -> 0.29988628 | BP381: =IFERROR(AR381/M381,0) -> 0.33689661 | BQ381: =IFERROR(AS381/U381,0) -> 1 | BR381: =IFERROR(AT381/V381,0) -> 0.24129974 | BS381: =IFERROR(AU381/W381,0) -> 0.39494269 | BT381: =IFERROR(AV381/X381,0) -> 0.31031193 | BU381: =IFERROR(AW381/Y381,0) -> 0.28808644 | BV381: =IFERROR(AX381/Z381,0) -> 0.29232715 | BW381: =+BK381-BQ381 -> 12.4514 | BX381: =+BL381-BR381 -> -0.028077398 | BY381: =+BM381-BS381 -> -0.04929654 | BZ381: =+BN381-BT381 -> 0.078441596 | CA381: =+BO381-BU381 -> 0.011799835 | CB381: =+BP381-BV381 -> 0.044569457 | CC381: =BW381*10000 -> 124514 | CD381: =BX381*10000 -> -280.77398 | CE381: =BY381*10000 -> -492.9654 | CF381: =BZ381*10000 -> 784.41596 | CG381: =CA381*10000 -> 117.99835 | CH381: =CB381*10000 -> 445.69457
F382: Week 04 | H382: =SUMIF($E$14:$E$377,$F382,H$14:H$377) -> 269.7 | I382: =SUMIF($E$14:$E$377,$F382,I$14:I$377) -> 87111.15 | J382: =SUMIF($E$14:$E$377,$F382,J$14:J$377) -> 5883.17 | K382: =SUMIF($E$14:$E$377,$F382,K$14:K$377) -> 307108.81 | L382: =SUMIF($E$14:$E$377,$F382,L$14:L$377) -> 214105.75 | M382: =SUM(H382:L382) -> 614478.58 | T382: Week 04 | U382: =SUMIF($M$35:$M$41,"<>0",U$35:U$41) -> 476.55 | V382: =SUMIF($M$35:$M$41,"<>0",V$35:V$41) -> 83590.69 | W382: =SUMIF($M$35:$M$41,"<>0",W$35:W$41) -> 6044.08 | X382: =SUMIF($M$35:$M$41,"<>0",X$35:X$41) -> 243212.77 | Y382: =SUMIF($M$35:$M$41,"<>0",Y$35:Y$41) -> 204019.17 | Z382: =SUM(U382:Y382) -> 537343.26 | AA382: =+H382-U382 -> -206.85 | AB382: =+I382-V382 -> 3520.46 | AC382: =+J382-W382 -> -160.91 | AD382: =+K382-X382 -> 63896.04 | AE382: =+L382-Y382 -> 10086.58 | AF382: =+M382-Z382 -> 77135.32 | AG382: =IFERROR(AA382/U382,"") -> -0.43405729 | AH382: =IFERROR(AB382/V382,"") -> 0.042115456 | AI382: =IFERROR(AC382/W382,"") -> -0.026622745 | AJ382: =IFERROR(AD382/X382,"") -> 0.26271663 | AK382: =IFERROR(AE382/Y382,"") -> 0.049439374 | AL382: =IFERROR(AF382/Z382,"") -> 0.14354943 | AM382: =SUMIF($E$14:$E$377,$F382,AM$14:AM$377) -> 269.7 | AN382: =SUMIF($E$14:$E$377,$F382,AN$14:AN$377) -> 18098.1 | AO382: =SUMIF($E$14:$E$377,$F382,AO$14:AO$377) -> 2319.17 | AP382: =SUMIF($E$14:$E$377,$F382,AP$14:AP$377) -> 106469.59 | AQ382: =SUMIF($E$14:$E$377,$F382,AQ$14:AQ$377) -> 66503.34 | AR382: =SUM(AM382:AQ382) -> 193659.9 | AS382: =SUMIF($M$35:$M$41,"<>0",AS$35:AS$41) -> 476.55 | AT382: =SUMIF($M$35:$M$41,"<>0",AT$35:AT$41) -> 17214.42 | AU382: =SUMIF($M$35:$M$41,"<>0",AU$35:AU$41) -> 2682 | AV382: =SUMIF($M$35:$M$41,"<>0",AV$35:AV$41) -> 75443.02 | AW382: =SUMIF($M$35:$M$41,"<>0",AW$35:AW$41) -> 58417.16 | AX382: =SUM(AS382:AW382) -> 154233.15 | AY382: =+AM382-AS382 -> -206.85 | AZ382: =+AN382-AT382 -> 883.68 | BA382: =+AO382-AU382 -> -362.83 | BB382: =+AP382-AV382 -> 31026.57 | BC382: =+AQ382-AW382 -> 8086.18 | BD382: =+AR382-AX382 -> 39426.75 | BE382: =AY382/AS382 -> -0.43405729 | BF382: =AZ382/AT382 -> 0.051333707 | BG382: =BA382/AU382 -> -0.13528337 | BH382: =BB382/AV382 -> 0.41125832 | BI382: =BC382/AW382 -> 0.13842131 | BJ382: =BD382/AX382 -> 0.25563084 | BK382: =IFERROR(AM382/H382,0) -> 1 | BL382: =IFERROR(AN382/I382,0) -> 0.20775871 | BM382: =IFERROR(AO382/J382,0) -> 0.39420415 | BN382: =IFERROR(AP382/K382,0) -> 0.34668361 | BO382: =IFERROR(AQ382/L382,0) -> 0.31060978 | BP382: =IFERROR(AR382/M382,0) -> 0.31516135 | BQ382: =IFERROR(AS382/U382,0) -> 1 | BR382: =IFERROR(AT382/V382,0) -> 0.20593705 | BS382: =IFERROR(AU382/W382,0) -> 0.44373999 | BT382: =IFERROR(AV382/X382,0) -> 0.3101935 | BU382: =IFERROR(AW382/Y382,0) -> 0.28633172 | BV382: =IFERROR(AX382/Z382,0) -> 0.2870291 | BW382: =+BK382-BQ382 -> 0 | BX382: =+BL382-BR382 -> 0.0018216595 | BY382: =+BM382-BS382 -> -0.049535845 | BZ382: =+BN382-BT382 -> 0.036490109 | CA382: =+BO382-BU382 -> 0.02427806 | CB382: =+BP382-BV382 -> 0.028132256 | CC382: =BW382*10000 -> 0 | CD382: =BX382*10000 -> 18.216595 | CE382: =BY382*10000 -> -495.35845 | CF382: =BZ382*10000 -> 364.90109 | CG382: =CA382*10000 -> 242.7806 | CH382: =CB382*10000 -> 281.32256
A383: FY26 | B383: FY26 | C383: 01 Jan | D383: 01 Jan | F383: Fiscal Jan | H383: =SUM(H379:H382) -> 1493.86 | I383: =SUM(I379:I382) -> 353192.22 | J383: =SUM(J379:J382) -> 23179.78 | K383: =SUM(K379:K382) -> 1211651.7 | L383: =SUM(L379:L382) -> 975275.51 | M383: =SUM(H383:L383) -> 2564793.1 | N383: FY25 | O383: FY25 | P383: 01 Jan | Q383: 01 Jan | T383: Fiscal Jan | U383: =SUM(U379:U382) -> 2213.9 | V383: =SUM(V379:V382) -> 351163.61 | W383: =SUM(W379:W382) -> 22530.89 | X383: =SUM(X379:X382) -> 1024500.7 | Y383: =SUM(Y379:Y382) -> 918563.02 | Z383: =SUM(U383:Y383) -> 2318972.1 | AA383: =+H383-U383 -> -720.04 | AB383: =+I383-V383 -> 2028.61 | AC383: =+J383-W383 -> 648.89 | AD383: =+K383-X383 -> 187151.04 | AE383: =+L383-Y383 -> 56712.49 | AF383: =+M383-Z383 -> 245820.99 | AG383: =IFERROR(AA383/U383,"") -> -0.32523601 | AH383: =IFERROR(AB383/V383,"") -> 0.0057768229 | AI383: =IFERROR(AC383/W383,"") -> 0.028800016 | AJ383: =IFERROR(AD383/X383,"") -> 0.18267537 | AK383: =IFERROR(AE383/Y383,"") -> 0.061740445 | AL383: =IFERROR(AF383/Z383,"") -> 0.10600429 | AM383: =SUM(AM379:AM382) -> 5494.74 | AN383: =SUM(AN379:AN382) -> 74773.42 | AO383: =SUM(AO379:AO382) -> 8123.61 | AP383: =SUM(AP379:AP382) -> 455383.01 | AQ383: =SUM(AQ379:AQ382) -> 284635.71 | AR383: =SUM(AM383:AQ383) -> 828410.49 | AS383: =SUM(AS379:AS382) -> 2213.9 | AT383: =SUM(AT379:AT382) -> 75690.45 | AU383: =SUM(AU379:AU382) -> 8953.73 | AV383: =SUM(AV379:AV382) -> 321086.75 | AW383: =SUM(AW379:AW382) -> 259601.19 | AX383: =SUM(AS383:AW383) -> 667546.02 | AY383: =+AM383-AS383 -> 3280.84 | AZ383: =+AN383-AT383 -> -917.03 | BA383: =+AO383-AU383 -> -830.12 | BB383: =+AP383-AV383 -> 134296.26 | BC383: =+AQ383-AW383 -> 25034.52 | BD383: =+AR383-AX383 -> 160864.47 | BE383: =AY383/AS383 -> 1.4819278 | BF383: =AZ383/AT383 -> -0.012115531 | BG383: =BA383/AU383 -> -0.092712199 | BH383: =BB383/AV383 -> 0.41825538 | BI383: =BC383/AW383 -> 0.096434535 | BJ383: =BD383/AX383 -> 0.24097885 | BK383: =IFERROR(AM383/H383,0) -> 3.6782162 | BL383: =IFERROR(AN383/I383,0) -> 0.21170744 | BM383: =IFERROR(AO383/J383,0) -> 0.35046105 | BN383: =IFERROR(AP383/K383,0) -> 0.37583655 | BO383: =IFERROR(AQ383/L383,0) -> 0.29185159 | BP383: =IFERROR(AR383/M383,0) -> 0.3229931 | BQ383: =IFERROR(AS383/U383,0) -> 1 | BR383: =IFERROR(AT383/V383,0) -> 0.21554184 | BS383: =IFERROR(AU383/W383,0) -> 0.39739797 | BT383: =IFERROR(AV383/X383,0) -> 0.31340803 | BU383: =IFERROR(AW383/Y383,0) -> 0.28261664 | BV383: =IFERROR(AX383/Z383,0) -> 0.28786289 | BW383: =+BK383-BQ383 -> 2.6782162 | BX383: =+BL383-BR383 -> -0.0038344002 | BY383: =+BM383-BS383 -> -0.046936924 | BZ383: =+BN383-BT383 -> 0.062428516 | CA383: =+BO383-BU383 -> 0.0092349565 | CB383: =+BP383-BV383 -> 0.035130213 | CC383: =BW383*10000 -> 26782.162 | CD383: =BX383*10000 -> -38.344002 | CE383: =BY383*10000 -> -469.36924 | CF383: =BZ383*10000 -> 624.28516 | CG383: =CA383*10000 -> 92.349565 | CH383: =CB383*10000 -> 351.30213
A384: FY26 | B384: FY26 | C384: 01 Jan | D384: 01 Jan | F384: Calendar Jan | H384: =SUMIFS(H$7:H$377,$B$7:$B$377,$B384,$D$7:$D$377,$D384) -> 1616.77 | I384: =SUMIFS(I$7:I$377,$B$7:$B$377,$B384,$D$7:$D$377,$D384) -> 369459.47 | J384: =SUMIFS(J$7:J$377,$B$7:$B$377,$B384,$D$7:$D$377,$D384) -> 22637.72 | K384: =SUMIFS(K$7:K$377,$B$7:$B$377,$B384,$D$7:$D$377,$D384) -> 1213523.9 | L384: =SUMIFS(L$7:L$377,$B$7:$B$377,$B384,$D$7:$D$377,$D384) -> 978310.52 | M384: =SUM(H384:L384) -> 2585548.4 | N384: FY25 | O384: FY25 | P384: 01 Jan | Q384: 01 Jan | T384: Calendar Jan | U384: =SUMIFS(U$7:U$377,$M$7:$M$377,"<>0",$O$7:$O$377,$O384,$Q$7:$Q$377,$Q384) -> 2382.56 | V384: =SUMIFS(V$7:V$377,$M$7:$M$377,"<>0",$O$7:$O$377,$O384,$Q$7:$Q$377,$Q384) -> 369465.45 | W384: =SUMIFS(W$7:W$377,$M$7:$M$377,"<>0",$O$7:$O$377,$O384,$Q$7:$Q$377,$Q384) -> 20932.43 | X384: =SUMIFS(X$7:X$377,$M$7:$M$377,"<>0",$O$7:$O$377,$O384,$Q$7:$Q$377,$Q384) -> 1072063.1 | Y384: =SUMIFS(Y$7:Y$377,$M$7:$M$377,"<>0",$O$7:$O$377,$O384,$Q$7:$Q$377,$Q384) -> 968703.46 | Z384: =SUM(U384:Y384) -> 2433547 | AA384: =+H384-U384 -> -765.79 | AB384: =+I384-V384 -> -5.98 | AC384: =+J384-W384 -> 1705.29 | AD384: =+K384-X384 -> 141460.86 | AE384: =+L384-Y384 -> 9607.06 | AF384: =+M384-Z384 -> 152001.44 | AG384: =IFERROR(AA384/U384,"") -> -0.32141478 | AH384: =IFERROR(AB384/V384,"") -> -1.6185546e-05 | AI384: =IFERROR(AC384/W384,"") -> 0.081466414 | AJ384: =IFERROR(AD384/X384,"") -> 0.13195199 | AK384: =IFERROR(AE384/Y384,"") -> 0.0099174416 | AL384: =IFERROR(AF384/Z384,"") -> 0.062460861 | AM384: =SUMIFS(AM$7:AM$377,$B$7:$B$377,$B384,$D$7:$D$377,$D384) -> 5584.65 | AN384: =SUMIFS(AN$7:AN$377,$B$7:$B$377,$B384,$D$7:$D$377,$D384) -> 78039.26 | AO384: =SUMIFS(AO$7:AO$377,$B$7:$B$377,$B384,$D$7:$D$377,$D384) -> 7879.26 | AP384: =SUMIFS(AP$7:AP$377,$B$7:$B$377,$B384,$D$7:$D$377,$D384) -> 440612.57 | AQ384: =SUMIFS(AQ$7:AQ$377,$B$7:$B$377,$B384,$D$7:$D$377,$D384) -> 292010.16 | AR384: =SUM(AM384:AQ384) -> 824125.9 | AS384: =SUMIFS(AS$7:AS$377,$M$7:$M$377,"<>0",$O$7:$O$377,$O384,$Q$7:$Q$377,$Q384) -> 2382.56 | AT384: =SUMIFS(AT$7:AT$377,$M$7:$M$377,"<>0",$O$7:$O$377,$O384,$Q$7:$Q$377,$Q384) -> 78872.25 | AU384: =SUMIFS(AU$7:AU$377,$M$7:$M$377,"<>0",$O$7:$O$377,$O384,$Q$7:$Q$377,$Q384) -> 8238.72 | AV384: =SUMIFS(AV$7:AV$377,$M$7:$M$377,"<>0",$O$7:$O$377,$O384,$Q$7:$Q$377,$Q384) -> 335564.6 | AW384: =SUMIFS(AW$7:AW$377,$M$7:$M$377,"<>0",$O$7:$O$377,$O384,$Q$7:$Q$377,$Q384) -> 275556.35 | AX384: =SUM(AS384:AW384) -> 700614.48 | AY384: =+AM384-AS384 -> 3202.09 | AZ384: =+AN384-AT384 -> -832.99 | BA384: =+AO384-AU384 -> -359.46 | BB384: =+AP384-AV384 -> 105047.97 | BC384: =+AQ384-AW384 -> 16453.81 | BD384: =+AR384-AX384 -> 123511.42 | BE384: =AY384/AS384 -> 1.3439704 | BF384: =AZ384/AT384 -> -0.010561256 | BG384: =BA384/AU384 -> -0.043630564 | BH384: =BB384/AV384 -> 0.31304843 | BI384: =BC384/AW384 -> 0.059711235 | BJ384: =BD384/AX384 -> 0.17629013 | BK384: =IFERROR(AM384/H384,0) -> 3.4542019 | BL384: =IFERROR(AN384/I384,0) -> 0.2112255 | BM384: =IFERROR(AO384/J384,0) -> 0.3480589 | BN384: =IFERROR(AP384/K384,0) -> 0.36308519 | BO384: =IFERROR(AQ384/L384,0) -> 0.29848413 | BP384: =IFERROR(AR384/M384,0) -> 0.31874317 | BQ384: =IFERROR(AS384/U384,0) -> 1 | BR384: =IFERROR(AT384/V384,0) -> 0.21347666 | BS384: =IFERROR(AU384/W384,0) -> 0.39358641 | BT384: =IFERROR(AV384/X384,0) -> 0.31300826 | BU384: =IFERROR(AW384/Y384,0) -> 0.28445893 | BV384: =IFERROR(AX384/Z384,0) -> 0.28789848 | BW384: =+BK384-BQ384 -> 2.4542019 | BX384: =+BL384-BR384 -> -0.0022511628 | BY384: =+BM384-BS384 -> -0.045527508 | BZ384: =+BN384-BT384 -> 0.050076929 | CA384: =+BO384-BU384 -> 0.014025195 | CB384: =+BP384-BV384 -> 0.030844689 | CC384: =BW384*10000 -> 24542.019 | CD384: =BX384*10000 -> -22.511628 | CE384: =BY384*10000 -> -455.27508 | CF384: =BZ384*10000 -> 500.76929 | CG384: =CA384*10000 -> 140.25195 | CH384: =CB384*10000 -> 308.44689
F386: Week 05 | H386: =SUMIF($E$14:$E$377,$F386,H$14:H$377) -> 342.65 | I386: =SUMIF($E$14:$E$377,$F386,I$14:I$377) -> 88122.17 | J386: =SUMIF($E$14:$E$377,$F386,J$14:J$377) -> 5964.56 | K386: =SUMIF($E$14:$E$377,$F386,K$14:K$377) -> 269913.15 | L386: =SUMIF($E$14:$E$377,$F386,L$14:L$377) -> 222732.89 | M386: =SUM(H386:L386) -> 587075.42 | T386: Week 05 | U386: =SUMIF($M$42:$M$48,"<>0",U$42:U$48) -> 413.76 | V386: =SUMIF($M$42:$M$48,"<>0",V$42:V$48) -> 93855.09 | W386: =SUMIF($M$42:$M$48,"<>0",W$42:W$48) -> 6421.65 | X386: =SUMIF($M$42:$M$48,"<>0",X$42:X$48) -> 271576.13 | Y386: =SUMIF($M$42:$M$48,"<>0",Y$42:Y$48) -> 254947.65 | Z386: =SUM(U386:Y386) -> 627214.28 | AA386: =+H386-U386 -> -71.11 | AB386: =+I386-V386 -> -5732.92 | AC386: =+J386-W386 -> -457.09 | AD386: =+K386-X386 -> -1662.98 | AE386: =+L386-Y386 -> -32214.76 | AF386: =+M386-Z386 -> -40138.86 | AG386: =IFERROR(AA386/U386,"") -> -0.17186292 | AH386: =IFERROR(AB386/V386,"") -> -0.061082675 | AI386: =IFERROR(AC386/W386,"") -> -0.071179526 | AJ386: =IFERROR(AD386/X386,"") -> -0.0061234395 | AK386: =IFERROR(AE386/Y386,"") -> -0.12635833 | AL386: =IFERROR(AF386/Z386,"") -> -0.06399545 | AM386: =SUMIF($E$14:$E$377,$F386,AM$14:AM$377) -> 309.65 | AN386: =SUMIF($E$14:$E$377,$F386,AN$14:AN$377) -> 18793.64 | AO386: =SUMIF($E$14:$E$377,$F386,AO$14:AO$377) -> 2237.66 | AP386: =SUMIF($E$14:$E$377,$F386,AP$14:AP$377) -> 89366.88 | AQ386: =SUMIF($E$14:$E$377,$F386,AQ$14:AQ$377) -> 68766.27 | AR386: =SUM(AM386:AQ386) -> 179474.1 | AS386: =SUMIF($M$42:$M$48,"<>0",AS$42:AS$48) -> 413.76 | AT386: =SUMIF($M$42:$M$48,"<>0",AT$42:AT$48) -> 19003.47 | AU386: =SUMIF($M$42:$M$48,"<>0",AU$42:AU$48) -> 2911.53 | AV386: =SUMIF($M$42:$M$48,"<>0",AV$42:AV$48) -> 83127.74 | AW386: =SUMIF($M$42:$M$48,"<>0",AW$42:AW$48) -> 72931.16 | AX386: =SUM(AS386:AW386) -> 178387.66 | AY386: =+AM386-AS386 -> -104.11 | AZ386: =+AN386-AT386 -> -209.83 | BA386: =+AO386-AU386 -> -673.87 | BB386: =+AP386-AV386 -> 6239.14 | BC386: =+AQ386-AW386 -> -4164.89 | BD386: =+AR386-AX386 -> 1086.44 | BE386: =AY386/AS386 -> -0.2516193 | BF386: =AZ386/AT386 -> -0.011041668 | BG386: =BA386/AU386 -> -0.23144876 | BH386: =BB386/AV386 -> 0.075054849 | BI386: =BC386/AW386 -> -0.05710714 | BJ386: =BD386/AX386 -> 0.0060903316 | BK386: =IFERROR(AM386/H386,0) -> 0.90369181 | BL386: =IFERROR(AN386/I386,0) -> 0.21326801 | BM386: =IFERROR(AO386/J386,0) -> 0.37515927 | BN386: =IFERROR(AP386/K386,0) -> 0.33109495 | BO386: =IFERROR(AQ386/L386,0) -> 0.30873873 | BP386: =IFERROR(AR386/M386,0) -> 0.30570876 | BQ386: =IFERROR(AS386/U386,0) -> 1 | BR386: =IFERROR(AT386/V386,0) -> 0.20247671 | BS386: =IFERROR(AU386/W386,0) -> 0.45339282 | BT386: =IFERROR(AV386/X386,0) -> 0.30609369 | BU386: =IFERROR(AW386/Y386,0) -> 0.28606328 | BV386: =IFERROR(AX386/Z386,0) -> 0.28441263 | BW386: =+BK386-BQ386 -> -0.096308186 | BX386: =+BL386-BR386 -> 0.0107913 | BY386: =+BM386-BS386 -> -0.078233545 | BZ386: =+BN386-BT386 -> 0.025001256 | CA386: =+BO386-BU386 -> 0.022675456 | CB386: =+BP386-BV386 -> 0.021296137 | CC386: =BW386*10000 -> -963.08186 | CD386: =BX386*10000 -> 107.913 | CE386: =BY386*10000 -> -782.33545 | CF386: =BZ386*10000 -> 250.01256 | CG386: =CA386*10000 -> 226.75456 | CH386: =CB386*10000 -> 212.96137
F387: Week 06 | H387: =SUMIF($E$14:$E$377,$F387,H$14:H$377) -> 354.59 | I387: =SUMIF($E$14:$E$377,$F387,I$14:I$377) -> 103981.91 | J387: =SUMIF($E$14:$E$377,$F387,J$14:J$377) -> 7678.28 | K387: =SUMIF($E$14:$E$377,$F387,K$14:K$377) -> 294495.85 | L387: =SUMIF($E$14:$E$377,$F387,L$14:L$377) -> 253385.89 | M387: =SUM(H387:L387) -> 659896.52 | T387: Week 06 | U387: =SUMIF($M$49:$M$55,"<>0",U$49:U$55) -> 441.67 | V387: =SUMIF($M$49:$M$55,"<>0",V$49:V$55) -> 104258.72 | W387: =SUMIF($M$49:$M$55,"<>0",W$49:W$55) -> 4565.34 | X387: =SUMIF($M$49:$M$55,"<>0",X$49:X$55) -> 299886.56 | Y387: =SUMIF($M$49:$M$55,"<>0",Y$49:Y$55) -> 265813.42 | Z387: =SUM(U387:Y387) -> 674965.71 | AA387: =+H387-U387 -> -87.08 | AB387: =+I387-V387 -> -276.81 | AC387: =+J387-W387 -> 3112.94 | AD387: =+K387-X387 -> -5390.71 | AE387: =+L387-Y387 -> -12427.53 | AF387: =+M387-Z387 -> -15069.19 | AG387: =IFERROR(AA387/U387,"") -> -0.19716078 | AH387: =IFERROR(AB387/V387,"") -> -0.0026550297 | AI387: =IFERROR(AC387/W387,"") -> 0.68186378 | AJ387: =IFERROR(AD387/X387,"") -> -0.017975831 | AK387: =IFERROR(AE387/Y387,"") -> -0.046752831 | AL387: =IFERROR(AF387/Z387,"") -> -0.02232586 | AM387: =SUMIF($E$14:$E$377,$F387,AM$14:AM$377) -> 354.59 | AN387: =SUMIF($E$14:$E$377,$F387,AN$14:AN$377) -> 21093.44 | AO387: =SUMIF($E$14:$E$377,$F387,AO$14:AO$377) -> 3442.37 | AP387: =SUMIF($E$14:$E$377,$F387,AP$14:AP$377) -> 92483.83 | AQ387: =SUMIF($E$14:$E$377,$F387,AQ$14:AQ$377) -> 67521.45 | AR387: =SUM(AM387:AQ387) -> 184895.68 | AS387: =SUMIF($M$49:$M$55,"<>0",AS$49:AS$55) -> 441.67 | AT387: =SUMIF($M$49:$M$55,"<>0",AT$49:AT$55) -> 20583.35 | AU387: =SUMIF($M$49:$M$55,"<>0",AU$49:AU$55) -> 2197.69 | AV387: =SUMIF($M$49:$M$55,"<>0",AV$49:AV$55) -> 91881.2 | AW387: =SUMIF($M$49:$M$55,"<>0",AW$49:AW$55) -> 77431.12 | AX387: =SUM(AS387:AW387) -> 192535.03 | AY387: =+AM387-AS387 -> -87.08 | AZ387: =+AN387-AT387 -> 510.09 | BA387: =+AO387-AU387 -> 1244.68 | BB387: =+AP387-AV387 -> 602.63 | BC387: =+AQ387-AW387 -> -9909.67 | BD387: =+AR387-AX387 -> -7639.35 | BE387: =AY387/AS387 -> -0.19716078 | BF387: =AZ387/AT387 -> 0.02478168 | BG387: =BA387/AU387 -> 0.56635831 | BH387: =BB387/AV387 -> 0.0065587955 | BI387: =BC387/AW387 -> -0.12798046 | BJ387: =BD387/AX387 -> -0.039677715 | BK387: =IFERROR(AM387/H387,0) -> 1 | BL387: =IFERROR(AN387/I387,0) -> 0.20285682 | BM387: =IFERROR(AO387/J387,0) -> 0.44832567 | BN387: =IFERROR(AP387/K387,0) -> 0.3140412 | BO387: =IFERROR(AQ387/L387,0) -> 0.26647676 | BP387: =IFERROR(AR387/M387,0) -> 0.2801889 | BQ387: =IFERROR(AS387/U387,0) -> 1 | BR387: =IFERROR(AT387/V387,0) -> 0.19742569 | BS387: =IFERROR(AU387/W387,0) -> 0.48138583 | BT387: =IFERROR(AV387/X387,0) -> 0.30638652 | BU387: =IFERROR(AW387/Y387,0) -> 0.29129876 | BV387: =IFERROR(AX387/Z387,0) -> 0.28525157 | BW387: =+BK387-BQ387 -> 0 | BX387: =+BL387-BR387 -> 0.0054311313 | BY387: =+BM387-BS387 -> -0.033060167 | BZ387: =+BN387-BT387 -> 0.0076546779 | CA387: =+BO387-BU387 -> -0.024822005 | CB387: =+BP387-BV387 -> -0.0050626723 | CC387: =BW387*10000 -> 0 | CD387: =BX387*10000 -> 54.311313 | CE387: =BY387*10000 -> -330.60167 | CF387: =BZ387*10000 -> 76.546779 | CG387: =CA387*10000 -> -248.22005 | CH387: =CB387*10000 -> -50.626723
F388: Week 07 | H388: =SUMIF($E$14:$E$377,$F388,H$14:H$377) -> 408.94 | I388: =SUMIF($E$14:$E$377,$F388,I$14:I$377) -> 93082.03 | J388: =SUMIF($E$14:$E$377,$F388,J$14:J$377) -> 5892 | K388: =SUMIF($E$14:$E$377,$F388,K$14:K$377) -> 282506.17 | L388: =SUMIF($E$14:$E$377,$F388,L$14:L$377) -> 244638.19 | M388: =SUM(H388:L388) -> 626527.33 | T388: Week 07 | U388: =SUMIF($M$56:$M$62,"<>0",U$56:U$62) -> 369.24 | V388: =SUMIF($M$56:$M$62,"<>0",V$56:V$62) -> 92187.7 | W388: =SUMIF($M$56:$M$62,"<>0",W$56:W$62) -> 4904.5 | X388: =SUMIF($M$56:$M$62,"<>0",X$56:X$62) -> 240493.84 | Y388: =SUMIF($M$56:$M$62,"<>0",Y$56:Y$62) -> 242476.98 | Z388: =SUM(U388:Y388) -> 580432.26 | AA388: =+H388-U388 -> 39.7 | AB388: =+I388-V388 -> 894.33 | AC388: =+J388-W388 -> 987.5 | AD388: =+K388-X388 -> 42012.33 | AE388: =+L388-Y388 -> 2161.21 | AF388: =+M388-Z388 -> 46095.07 | AG388: =IFERROR(AA388/U388,"") -> 0.10751815 | AH388: =IFERROR(AB388/V388,"") -> 0.0097011857 | AI388: =IFERROR(AC388/W388,"") -> 0.2013457 | AJ388: =IFERROR(AD388/X388,"") -> 0.17469192 | AK388: =IFERROR(AE388/Y388,"") -> 0.0089130523 | AL388: =IFERROR(AF388/Z388,"") -> 0.079415072 | AM388: =SUMIF($E$14:$E$377,$F388,AM$14:AM$377) -> 408.94 | AN388: =SUMIF($E$14:$E$377,$F388,AN$14:AN$377) -> 19401.94 | AO388: =SUMIF($E$14:$E$377,$F388,AO$14:AO$377) -> 2377.28 | AP388: =SUMIF($E$14:$E$377,$F388,AP$14:AP$377) -> 92359.84 | AQ388: =SUMIF($E$14:$E$377,$F388,AQ$14:AQ$377) -> 73973.57 | AR388: =SUM(AM388:AQ388) -> 188521.57 | AS388: =SUMIF($M$56:$M$62,"<>0",AS$56:AS$62) -> 369.24 | AT388: =SUMIF($M$56:$M$62,"<>0",AT$56:AT$62) -> 18735.95 | AU388: =SUMIF($M$56:$M$62,"<>0",AU$56:AU$62) -> 1847.63 | AV388: =SUMIF($M$56:$M$62,"<>0",AV$56:AV$62) -> 73380.46 | AW388: =SUMIF($M$56:$M$62,"<>0",AW$56:AW$62) -> 69890.66 | AX388: =SUM(AS388:AW388) -> 164223.94 | AY388: =+AM388-AS388 -> 39.7 | AZ388: =+AN388-AT388 -> 665.99 | BA388: =+AO388-AU388 -> 529.65 | BB388: =+AP388-AV388 -> 18979.38 | BC388: =+AQ388-AW388 -> 4082.91 | BD388: =+AR388-AX388 -> 24297.63 | BE388: =AY388/AS388 -> 0.10751815 | BF388: =AZ388/AT388 -> 0.035546103 | BG388: =BA388/AU388 -> 0.28666454 | BH388: =BB388/AV388 -> 0.25864351 | BI388: =BC388/AW388 -> 0.058418535 | BJ388: =BD388/AX388 -> 0.14795425 | BK388: =IFERROR(AM388/H388,0) -> 1 | BL388: =IFERROR(AN388/I388,0) -> 0.20843916 | BM388: =IFERROR(AO388/J388,0) -> 0.4034759 | BN388: =IFERROR(AP388/K388,0) -> 0.32693035 | BO388: =IFERROR(AQ388/L388,0) -> 0.30237949 | BP388: =IFERROR(AR388/M388,0) -> 0.3008992 | BQ388: =IFERROR(AS388/U388,0) -> 1 | BR388: =IFERROR(AT388/V388,0) -> 0.20323698 | BS388: =IFERROR(AU388/W388,0) -> 0.37672138 | BT388: =IFERROR(AV388/X388,0) -> 0.30512407 | BU388: =IFERROR(AW388/Y388,0) -> 0.28823627 | BV388: =IFERROR(AX388/Z388,0) -> 0.28293386 | BW388: =+BK388-BQ388 -> 0 | BX388: =+BL388-BR388 -> 0.0052021756 | BY388: =+BM388-BS388 -> 0.026754521 | BZ388: =+BN388-BT388 -> 0.021806273 | CA388: =+BO388-BU388 -> 0.014143217 | CB388: =+BP388-BV388 -> 0.017965336 | CC388: =BW388*10000 -> 0 | CD388: =BX388*10000 -> 52.021756 | CE388: =BY388*10000 -> 267.54521 | CF388: =BZ388*10000 -> 218.06273 | CG388: =CA388*10000 -> 141.43217 | CH388: =CB388*10000 -> 179.65336
F389: Week 08 | H389: =SUMIF($E$14:$E$377,$F389,H$14:H$377) -> 623.39 | I389: =SUMIF($E$14:$E$377,$F389,I$14:I$377) -> 88981.09 | J389: =SUMIF($E$14:$E$377,$F389,J$14:J$377) -> 3947.03 | K389: =SUMIF($E$14:$E$377,$F389,K$14:K$377) -> 267864.64 | L389: =SUMIF($E$14:$E$377,$F389,L$14:L$377) -> 221365.6 | M389: =SUM(H389:L389) -> 582781.75 | T389: Week 08 | U389: =SUMIF($M$63:$M$69,"<>0",U$63:U$69) -> 411.39 | V389: =SUMIF($M$63:$M$69,"<>0",V$63:V$69) -> 91400.35 | W389: =SUMIF($M$63:$M$69,"<>0",W$63:W$69) -> 6643 | X389: =SUMIF($M$63:$M$69,"<>0",X$63:X$69) -> 271320.05 | Y389: =SUMIF($M$63:$M$69,"<>0",Y$63:Y$69) -> 242679.63 | Z389: =SUM(U389:Y389) -> 612454.42 | AA389: =+H389-U389 -> 212 | AB389: =+I389-V389 -> -2419.26 | AC389: =+J389-W389 -> -2695.97 | AD389: =+K389-X389 -> -3455.41 | AE389: =+L389-Y389 -> -21314.03 | AF389: =+M389-Z389 -> -29672.67 | AG389: =IFERROR(AA389/U389,"") -> 0.51532609 | AH389: =IFERROR(AB389/V389,"") -> -0.026468826 | AI389: =IFERROR(AC389/W389,"") -> -0.40583622 | AJ389: =IFERROR(AD389/X389,"") -> -0.01273555 | AK389: =IFERROR(AE389/Y389,"") -> -0.087827849 | AL389: =IFERROR(AF389/Z389,"") -> -0.048448781 | AM389: =SUMIF($E$14:$E$377,$F389,AM$14:AM$377) -> 623.39 | AN389: =SUMIF($E$14:$E$377,$F389,AN$14:AN$377) -> 18658.79 | AO389: =SUMIF($E$14:$E$377,$F389,AO$14:AO$377) -> 1254.88 | AP389: =SUMIF($E$14:$E$377,$F389,AP$14:AP$377) -> 84896.13 | AQ389: =SUMIF($E$14:$E$377,$F389,AQ$14:AQ$377) -> 67937.81 | AR389: =SUM(AM389:AQ389) -> 173371 | AS389: =SUMIF($M$63:$M$69,"<>0",AS$63:AS$69) -> 411.39 | AT389: =SUMIF($M$63:$M$69,"<>0",AT$63:AT$69) -> 18311.51 | AU389: =SUMIF($M$63:$M$69,"<>0",AU$63:AU$69) -> 2826.96 | AV389: =SUMIF($M$63:$M$69,"<>0",AV$63:AV$69) -> 83714.59 | AW389: =SUMIF($M$63:$M$69,"<>0",AW$63:AW$69) -> 69984.38 | AX389: =SUM(AS389:AW389) -> 175248.83 | AY389: =+AM389-AS389 -> 212 | AZ389: =+AN389-AT389 -> 347.28 | BA389: =+AO389-AU389 -> -1572.08 | BB389: =+AP389-AV389 -> 1181.54 | BC389: =+AQ389-AW389 -> -2046.57 | BD389: =+AR389-AX389 -> -1877.83 | BE389: =AY389/AS389 -> 0.51532609 | BF389: =AZ389/AT389 -> 0.018965121 | BG389: =BA389/AU389 -> -0.55610267 | BH389: =BB389/AV389 -> 0.014113908 | BI389: =BC389/AW389 -> -0.02924324 | BJ389: =BD389/AX389 -> -0.010715221 | BK389: =IFERROR(AM389/H389,0) -> 1 | BL389: =IFERROR(AN389/I389,0) -> 0.20969388 | BM389: =IFERROR(AO389/J389,0) -> 0.31793019 | BN389: =IFERROR(AP389/K389,0) -> 0.31693668 | BO389: =IFERROR(AQ389/L389,0) -> 0.3069032 | BP389: =IFERROR(AR389/M389,0) -> 0.29748873 | BQ389: =IFERROR(AS389/U389,0) -> 1 | BR389: =IFERROR(AT389/V389,0) -> 0.20034398 | BS389: =IFERROR(AU389/W389,0) -> 0.42555472 | BT389: =IFERROR(AV389/X389,0) -> 0.30854554 | BU389: =IFERROR(AW389/Y389,0) -> 0.28838176 | BV389: =IFERROR(AX389/Z389,0) -> 0.28614183 | BW389: =+BK389-BQ389 -> 0 | BX389: =+BL389-BR389 -> 0.0093498987 | BY389: =+BM389-BS389 -> -0.10762453 | BZ389: =+BN389-BT389 -> 0.0083911461 | CA389: =+BO389-BU389 -> 0.018521431 | CB389: =+BP389-BV389 -> 0.011346893 | CC389: =BW389*10000 -> 0 | CD389: =BX389*10000 -> 93.498987 | CE389: =BY389*10000 -> -1076.2453 | CF389: =BZ389*10000 -> 83.911461 | CG389: =CA389*10000 -> 185.21431 | CH389: =CB389*10000 -> 113.46893
F390: Week 09 | H390: =SUMIF($E$14:$E$377,$F390,H$14:H$377) -> 334.66 | I390: =SUMIF($E$14:$E$377,$F390,I$14:I$377) -> 96438.3 | J390: =SUMIF($E$14:$E$377,$F390,J$14:J$377) -> 5394.78 | K390: =SUMIF($E$14:$E$377,$F390,K$14:K$377) -> 264420.09 | L390: =SUMIF($E$14:$E$377,$F390,L$14:L$377) -> 248550.51 | M390: =SUM(H390:L390) -> 615138.34 | T390: Week 09 | U390: =SUMIF($M$70:$M$76,"<>0",U$70:U$76) -> -8429.82 | V390: =SUMIF($M$70:$M$76,"<>0",V$70:V$76) -> 104845.88 | W390: =SUMIF($M$70:$M$76,"<>0",W$70:W$76) -> 6042.28 | X390: =SUMIF($M$70:$M$76,"<>0",X$70:X$76) -> 280429.71 | Y390: =SUMIF($M$70:$M$76,"<>0",Y$70:Y$76) -> 278578.54 | Z390: =SUM(U390:Y390) -> 661466.59 | AA390: =+H390-U390 -> 8764.48 | AB390: =+I390-V390 -> -8407.58 | AC390: =+J390-W390 -> -647.5 | AD390: =+K390-X390 -> -16009.62 | AE390: =+L390-Y390 -> -30028.03 | AF390: =+M390-Z390 -> -46328.25 | AG390: =IFERROR(AA390/U390,"") -> -1.0396995 | AH390: =IFERROR(AB390/V390,"") -> -0.080189894 | AI390: =IFERROR(AC390/W390,"") -> -0.10716154 | AJ390: =IFERROR(AD390/X390,"") -> -0.0570896 | AK390: =IFERROR(AE390/Y390,"") -> -0.10779018 | AL390: =IFERROR(AF390/Z390,"") -> -0.070038685 | AM390: =SUMIF($E$14:$E$377,$F390,AM$14:AM$377) -> 334.66 | AN390: =SUMIF($E$14:$E$377,$F390,AN$14:AN$377) -> 19236.82 | AO390: =SUMIF($E$14:$E$377,$F390,AO$14:AO$377) -> 1966.11 | AP390: =SUMIF($E$14:$E$377,$F390,AP$14:AP$377) -> 83745.23 | AQ390: =SUMIF($E$14:$E$377,$F390,AQ$14:AQ$377) -> 76147.31 | AR390: =SUM(AM390:AQ390) -> 181430.13 | AS390: =SUMIF($M$70:$M$76,"<>0",AS$70:AS$76) -> -8429.82 | AT390: =SUMIF($M$70:$M$76,"<>0",AT$70:AT$76) -> 20712.83 | AU390: =SUMIF($M$70:$M$76,"<>0",AU$70:AU$76) -> 2717.45 | AV390: =SUMIF($M$70:$M$76,"<>0",AV$70:AV$76) -> 85817.95 | AW390: =SUMIF($M$70:$M$76,"<>0",AW$70:AW$76) -> 79692.32 | AX390: =SUM(AS390:AW390) -> 180510.73 | AY390: =+AM390-AS390 -> 8764.48 | AZ390: =+AN390-AT390 -> -1476.01 | BA390: =+AO390-AU390 -> -751.34 | BB390: =+AP390-AV390 -> -2072.72 | BC390: =+AQ390-AW390 -> -3545.01 | BD390: =+AR390-AX390 -> 919.4 | BE390: =AY390/AS390 -> -1.0396995 | BF390: =AZ390/AT390 -> -0.071260663 | BG390: =BA390/AU390 -> -0.27648715 | BH390: =BB390/AV390 -> -0.024152523 | BI390: =BC390/AW390 -> -0.044483709 | BJ390: =BD390/AX390 -> 0.005093326 | BK390: =IFERROR(AM390/H390,0) -> 1 | BL390: =IFERROR(AN390/I390,0) -> 0.19947282 | BM390: =IFERROR(AO390/J390,0) -> 0.36444674 | BN390: =IFERROR(AP390/K390,0) -> 0.31671281 | BO390: =IFERROR(AQ390/L390,0) -> 0.30636554 | BP390: =IFERROR(AR390/M390,0) -> 0.294942 | BQ390: =IFERROR(AS390/U390,0) -> 1 | BR390: =IFERROR(AT390/V390,0) -> 0.19755502 | BS390: =IFERROR(AU390/W390,0) -> 0.44973917 | BT390: =IFERROR(AV390/X390,0) -> 0.30602303 | BU390: =IFERROR(AW390/Y390,0) -> 0.28606769 | BV390: =IFERROR(AX390/Z390,0) -> 0.27289471 | BW390: =+BK390-BQ390 -> 0 | BX390: =+BL390-BR390 -> 0.0019178028 | BY390: =+BM390-BS390 -> -0.085292428 | BZ390: =+BN390-BT390 -> 0.010689779 | CA390: =+BO390-BU390 -> 0.020297843 | CB390: =+BP390-BV390 -> 0.022047291 | CC390: =BW390*10000 -> 0 | CD390: =BX390*10000 -> 19.178028 | CE390: =BY390*10000 -> -852.92428 | CF390: =BZ390*10000 -> 106.89779 | CG390: =CA390*10000 -> 202.97843 | CH390: =CB390*10000 -> 220.47291
A391: FY26 | B391: FY26 | C391: 02 Feb | D391: 02 Feb | F391: Fiscal Feb | H391: =SUM(H386:H390) -> 2064.23 | I391: =SUM(I386:I390) -> 470605.5 | J391: =SUM(J386:J390) -> 28876.65 | K391: =SUM(K386:K390) -> 1379199.9 | L391: =SUM(L386:L390) -> 1190673.1 | M391: =SUM(H391:L391) -> 3071419.4 | N391: FY25 | O391: FY25 | P391: 02 Feb | Q391: 02 Feb | T391: Fiscal Feb | U391: =SUM(U386:U390) -> -6793.76 | V391: =SUM(V386:V390) -> 486547.74 | W391: =SUM(W386:W390) -> 28576.77 | X391: =SUM(X386:X390) -> 1363706.3 | Y391: =SUM(Y386:Y390) -> 1284496.2 | Z391: =SUM(U391:Y391) -> 3156533.3 | AA391: =+H391-U391 -> 8857.99 | AB391: =+I391-V391 -> -15942.24 | AC391: =+J391-W391 -> 299.88 | AD391: =+K391-X391 -> 15493.61 | AE391: =+L391-Y391 -> -93823.14 | AF391: =+M391-Z391 -> -85113.9 | AG391: =IFERROR(AA391/U391,"") -> -1.3038421 | AH391: =IFERROR(AB391/V391,"") -> -0.032766034 | AI391: =IFERROR(AC391/W391,"") -> 0.010493838 | AJ391: =IFERROR(AD391/X391,"") -> 0.011361398 | AK391: =IFERROR(AE391/Y391,"") -> -0.073042753 | AL391: =IFERROR(AF391/Z391,"") -> -0.02696436 | AM391: =SUM(AM386:AM390) -> 2031.23 | AN391: =SUM(AN386:AN390) -> 97184.63 | AO391: =SUM(AO386:AO390) -> 11278.3 | AP391: =SUM(AP386:AP390) -> 442851.91 | AQ391: =SUM(AQ386:AQ390) -> 354346.41 | AR391: =SUM(AM391:AQ391) -> 907692.48 | AS391: =SUM(AS386:AS390) -> -6793.76 | AT391: =SUM(AT386:AT390) -> 97347.11 | AU391: =SUM(AU386:AU390) -> 12501.26 | AV391: =SUM(AV386:AV390) -> 417921.94 | AW391: =SUM(AW386:AW390) -> 369929.64 | AX391: =SUM(AS391:AW391) -> 890906.19 | AY391: =+AM391-AS391 -> 8824.99 | AZ391: =+AN391-AT391 -> -162.48 | BA391: =+AO391-AU391 -> -1222.96 | BB391: =+AP391-AV391 -> 24929.97 | BC391: =+AQ391-AW391 -> -15583.23 | BD391: =+AR391-AX391 -> 16786.29 | BE391: =AY391/AS391 -> -1.2989847 | BF391: =AZ391/AT391 -> -0.0016690788 | BG391: =BA391/AU391 -> -0.097826939 | BH391: =BB391/AV391 -> 0.059652216 | BI391: =BC391/AW391 -> -0.042124848 | BJ391: =BD391/AX391 -> 0.018841815 | BK391: =IFERROR(AM391/H391,0) -> 0.98401341 | BL391: =IFERROR(AN391/I391,0) -> 0.20650976 | BM391: =IFERROR(AO391/J391,0) -> 0.39056816 | BN391: =IFERROR(AP391/K391,0) -> 0.32109335 | BO391: =IFERROR(AQ391/L391,0) -> 0.29760176 | BP391: =IFERROR(AR391/M391,0) -> 0.29552867 | BQ391: =IFERROR(AS391/U391,0) -> 1 | BR391: =IFERROR(AT391/V391,0) -> 0.2000772 | BS391: =IFERROR(AU391/W391,0) -> 0.43746232 | BT391: =IFERROR(AV391/X391,0) -> 0.30646037 | BU391: =IFERROR(AW391/Y391,0) -> 0.2879959 | BV391: =IFERROR(AX391/Z391,0) -> 0.28224198 | BW391: =+BK391-BQ391 -> -0.015986591 | BX391: =+BL391-BR391 -> 0.0064325614 | BY391: =+BM391-BS391 -> -0.046894158 | BZ391: =+BN391-BT391 -> 0.014632971 | CA391: =+BO391-BU391 -> 0.0096058687 | CB391: =+BP391-BV391 -> 0.013286693 | CC391: =BW391*10000 -> -159.86591 | CD391: =BX391*10000 -> 64.325614 | CE391: =BY391*10000 -> -468.94158 | CF391: =BZ391*10000 -> 146.32971 | CG391: =CA391*10000 -> 96.058687 | CH391: =CB391*10000 -> 132.86693
A392: FY26 | B392: FY26 | C392: 02 Feb | D392: 02 Feb | F392: Calendar Feb | H392: =SUMIFS(H$7:H$377,$B$7:$B$377,$B392,$D$7:$D$377,$D392) -> 1721.58 | I392: =SUMIFS(I$7:I$377,$B$7:$B$377,$B392,$D$7:$D$377,$D392) -> 382483.33 | J392: =SUMIFS(J$7:J$377,$B$7:$B$377,$B392,$D$7:$D$377,$D392) -> 22912.09 | K392: =SUMIFS(K$7:K$377,$B$7:$B$377,$B392,$D$7:$D$377,$D392) -> 1109286.7 | L392: =SUMIFS(L$7:L$377,$B$7:$B$377,$B392,$D$7:$D$377,$D392) -> 967940.19 | M392: =SUM(H392:L392) -> 2484343.9 | N392: FY25 | O392: FY25 | P392: 02 Feb | Q392: 02 Feb | T392: Calendar Feb | U392: =SUMIFS(U$7:U$377,$M$7:$M$377,"<>0",$O$7:$O$377,$O392,$Q$7:$Q$377,$Q392) -> -4772.24 | V392: =SUMIFS(V$7:V$377,$M$7:$M$377,"<>0",$O$7:$O$377,$O392,$Q$7:$Q$377,$Q392) -> 389977.96 | W392: =SUMIFS(W$7:W$377,$M$7:$M$377,"<>0",$O$7:$O$377,$O392,$Q$7:$Q$377,$Q392) -> 22275.52 | X392: =SUMIFS(X$7:X$377,$M$7:$M$377,"<>0",$O$7:$O$377,$O392,$Q$7:$Q$377,$Q392) -> 1095930.3 | Y392: =SUMIFS(Y$7:Y$377,$M$7:$M$377,"<>0",$O$7:$O$377,$O392,$Q$7:$Q$377,$Q392) -> 1026992.9 | Z392: =SUM(U392:Y392) -> 2530404.5 | AA392: =+H392-U392 -> 6493.82 | AB392: =+I392-V392 -> -7494.63 | AC392: =+J392-W392 -> 636.57 | AD392: =+K392-X392 -> 13356.44 | AE392: =+L392-Y392 -> -59052.72 | AF392: =+M392-Z392 -> -46060.52 | AG392: =IFERROR(AA392/U392,"") -> -1.3607488 | AH392: =IFERROR(AB392/V392,"") -> -0.019218086 | AI392: =IFERROR(AC392/W392,"") -> 0.028577111 | AJ392: =IFERROR(AD392/X392,"") -> 0.012187308 | AK392: =IFERROR(AE392/Y392,"") -> -0.057500611 | AL392: =IFERROR(AF392/Z392,"") -> -0.018202829 | AM392: =SUMIFS(AM$7:AM$377,$B$7:$B$377,$B392,$D$7:$D$377,$D392) -> 1721.58 | AN392: =SUMIFS(AN$7:AN$377,$B$7:$B$377,$B392,$D$7:$D$377,$D392) -> 78390.99 | AO392: =SUMIFS(AO$7:AO$377,$B$7:$B$377,$B392,$D$7:$D$377,$D392) -> 9040.64 | AP392: =SUMIFS(AP$7:AP$377,$B$7:$B$377,$B392,$D$7:$D$377,$D392) -> 353485.03 | AQ392: =SUMIFS(AQ$7:AQ$377,$B$7:$B$377,$B392,$D$7:$D$377,$D392) -> 285580.14 | AR392: =SUM(AM392:AQ392) -> 728218.38 | AS392: =SUMIFS(AS$7:AS$377,$M$7:$M$377,"<>0",$O$7:$O$377,$O392,$Q$7:$Q$377,$Q392) -> -4772.24 | AT392: =SUMIFS(AT$7:AT$377,$M$7:$M$377,"<>0",$O$7:$O$377,$O392,$Q$7:$Q$377,$Q392) -> 77893.25 | AU392: =SUMIFS(AU$7:AU$377,$M$7:$M$377,"<>0",$O$7:$O$377,$O392,$Q$7:$Q$377,$Q392) -> 9688.11 | AV392: =SUMIFS(AV$7:AV$377,$M$7:$M$377,"<>0",$O$7:$O$377,$O392,$Q$7:$Q$377,$Q392) -> 335986.47 | AW392: =SUMIFS(AW$7:AW$377,$M$7:$M$377,"<>0",$O$7:$O$377,$O392,$Q$7:$Q$377,$Q392) -> 296190.42 | AX392: =SUM(AS392:AW392) -> 714986.01 | AY392: =+AM392-AS392 -> 6493.82 | AZ392: =+AN392-AT392 -> 497.74 | BA392: =+AO392-AU392 -> -647.47 | BB392: =+AP392-AV392 -> 17498.56 | BC392: =+AQ392-AW392 -> -10610.28 | BD392: =+AR392-AX392 -> 13232.37 | BE392: =AY392/AS392 -> -1.3607488 | BF392: =AZ392/AT392 -> 0.0063900274 | BG392: =BA392/AU392 -> -0.066831405 | BH392: =BB392/AV392 -> 0.052081145 | BI392: =BC392/AW392 -> -0.035822496 | BJ392: =BD392/AX392 -> 0.018507173 | BK392: =IFERROR(AM392/H392,0) -> 1 | BL392: =IFERROR(AN392/I392,0) -> 0.2049527 | BM392: =IFERROR(AO392/J392,0) -> 0.39457946 | BN392: =IFERROR(AP392/K392,0) -> 0.31865974 | BO392: =IFERROR(AQ392/L392,0) -> 0.29503904 | BP392: =IFERROR(AR392/M392,0) -> 0.29312301 | BQ392: =IFERROR(AS392/U392,0) -> 1 | BR392: =IFERROR(AT392/V392,0) -> 0.19973757 | BS392: =IFERROR(AU392/W392,0) -> 0.43492183 | BT392: =IFERROR(AV392/X392,0) -> 0.30657649 | BU392: =IFERROR(AW392/Y392,0) -> 0.28840552 | BV392: =IFERROR(AX392/Z392,0) -> 0.28255799 | BW392: =+BK392-BQ392 -> 0 | BX392: =+BL392-BR392 -> 0.0052151271 | BY392: =+BM392-BS392 -> -0.040342378 | BZ392: =+BN392-BT392 -> 0.01208325 | CA392: =+BO392-BU392 -> 0.0066335196 | CB392: =+BP392-BV392 -> 0.010565018 | CC392: =BW392*10000 -> 0 | CD392: =BX392*10000 -> 52.151271 | CE392: =BY392*10000 -> -403.42378 | CF392: =BZ392*10000 -> 120.8325 | CG392: =CA392*10000 -> 66.335196 | CH392: =CB392*10000 -> 105.65018
F394: Week 10 | H394: =SUMIF($E$14:$E$377,$F394,H$14:H$377) -> 284.61 | I394: =SUMIF($E$14:$E$377,$F394,I$14:I$377) -> 89841.04 | J394: =SUMIF($E$14:$E$377,$F394,J$14:J$377) -> 6902.79 | K394: =SUMIF($E$14:$E$377,$F394,K$14:K$377) -> 235748.95 | L394: =SUMIF($E$14:$E$377,$F394,L$14:L$377) -> 217564.33 | M394: =SUM(H394:L394) -> 550341.72 | T394: Week 10 | U394: =SUMIF($M$77:$M$83,"<>0",U$77:U$83) -> -18266.06 | V394: =SUMIF($M$77:$M$83,"<>0",V$77:V$83) -> 104623.39 | W394: =SUMIF($M$77:$M$83,"<>0",W$77:W$83) -> 4686.28 | X394: =SUMIF($M$77:$M$83,"<>0",X$77:X$83) -> 300991.01 | Y394: =SUMIF($M$77:$M$83,"<>0",Y$77:Y$83) -> 279127.26 | Z394: =SUM(U394:Y394) -> 671161.88 | AA394: =+H394-U394 -> 18550.67 | AB394: =+I394-V394 -> -14782.35 | AC394: =+J394-W394 -> 2216.51 | AD394: =+K394-X394 -> -65242.06 | AE394: =+L394-Y394 -> -61562.93 | AF394: =+M394-Z394 -> -120820.16 | AG394: =IFERROR(AA394/U394,"") -> -1.0155814 | AH394: =IFERROR(AB394/V394,"") -> -0.14129106 | AI394: =IFERROR(AC394/W394,"") -> 0.47297857 | AJ394: =IFERROR(AD394/X394,"") -> -0.2167575 | AK394: =IFERROR(AE394/Y394,"") -> -0.22055506 | AL394: =IFERROR(AF394/Z394,"") -> -0.18001642 | AM394: =SUMIF($E$14:$E$377,$F394,AM$14:AM$377) -> 284.61 | AN394: =SUMIF($E$14:$E$377,$F394,AN$14:AN$377) -> 18060.99 | AO394: =SUMIF($E$14:$E$377,$F394,AO$14:AO$377) -> 3113 | AP394: =SUMIF($E$14:$E$377,$F394,AP$14:AP$377) -> 73673.2 | AQ394: =SUMIF($E$14:$E$377,$F394,AQ$14:AQ$377) -> 66393.73 | AR394: =SUM(AM394:AQ394) -> 161525.53 | AS394: =SUMIF($M$77:$M$83,"<>0",AS$77:AS$83) -> -18266.06 | AT394: =SUMIF($M$77:$M$83,"<>0",AT$77:AT$83) -> 21135.63 | AU394: =SUMIF($M$77:$M$83,"<>0",AU$77:AU$83) -> 2017.63 | AV394: =SUMIF($M$77:$M$83,"<>0",AV$77:AV$83) -> 92815.08 | AW394: =SUMIF($M$77:$M$83,"<>0",AW$77:AW$83) -> 80827.87 | AX394: =SUM(AS394:AW394) -> 178530.15 | AY394: =+AM394-AS394 -> 18550.67 | AZ394: =+AN394-AT394 -> -3074.64 | BA394: =+AO394-AU394 -> 1095.37 | BB394: =+AP394-AV394 -> -19141.88 | BC394: =+AQ394-AW394 -> -14434.14 | BD394: =+AR394-AX394 -> -17004.62 | BE394: =IFERROR(AY394/AS394,0) -> -1.0155814 | BF394: =IFERROR(AZ394/AT394,0) -> -0.14547189 | BG394: =IFERROR(BA394/AU394,0) -> 0.54289934 | BH394: =IFERROR(BB394/AV394,0) -> -0.20623675 | BI394: =IFERROR(BC394/AW394,0) -> -0.17857875 | BJ394: =BD394/AX394 -> -0.09524789 | BK394: =IFERROR(AM394/H394,0) -> 1 | BL394: =IFERROR(AN394/I394,0) -> 0.20103274 | BM394: =IFERROR(AO394/J394,0) -> 0.45097707 | BN394: =IFERROR(AP394/K394,0) -> 0.31250701 | BO394: =IFERROR(AQ394/L394,0) -> 0.30516827 | BP394: =IFERROR(AR394/M394,0) -> 0.29350043 | BQ394: =IFERROR(AS394/U394,0) -> 1 | BR394: =IFERROR(AT394/V394,0) -> 0.2020163 | BS394: =IFERROR(AU394/W394,0) -> 0.43053979 | BT394: =IFERROR(AV394/X394,0) -> 0.30836496 | BU394: =IFERROR(AW394/Y394,0) -> 0.28957354 | BV394: =IFERROR(AX394/Z394,0) -> 0.26600162 | BW394: =+BK394-BQ394 -> 0 | BX394: =+BL394-BR394 -> -0.0009835635 | BY394: =+BM394-BS394 -> 0.02043728 | BZ394: =+BN394-BT394 -> 0.0041420547 | CA394: =+BO394-BU394 -> 0.015594725 | CB394: =+BP394-BV394 -> 0.027498803 | CC394: =BW394*10000 -> 0 | CD394: =BX394*10000 -> -9.835635 | CE394: =BY394*10000 -> 204.3728 | CF394: =BZ394*10000 -> 41.420547 | CG394: =CA394*10000 -> 155.94725 | CH394: =CB394*10000 -> 274.98803
F395: Week 11 | H395: =SUMIF($E$14:$E$377,$F395,H$14:H$377) -> 394.63 | I395: =SUMIF($E$14:$E$377,$F395,I$14:I$377) -> 105549.25 | J395: =SUMIF($E$14:$E$377,$F395,J$14:J$377) -> 6400.81 | K395: =SUMIF($E$14:$E$377,$F395,K$14:K$377) -> 268502.41 | L395: =SUMIF($E$14:$E$377,$F395,L$14:L$377) -> 226246.35 | M395: =SUM(H395:L395) -> 607093.45 | T395: Week 11 | U395: =SUMIF($M$84:$M$90,"<>0",U$84:U$90) -> -2433.64 | V395: =SUMIF($M$84:$M$90,"<>0",V$84:V$90) -> 107725.9 | W395: =SUMIF($M$84:$M$90,"<>0",W$84:W$90) -> 9583.08 | X395: =SUMIF($M$84:$M$90,"<>0",X$84:X$90) -> 293250.96 | Y395: =SUMIF($M$84:$M$90,"<>0",Y$84:Y$90) -> 272207.43 | Z395: =SUM(U395:Y395) -> 680333.73 | AA395: =+H395-U395 -> 2828.27 | AB395: =+I395-V395 -> -2176.65 | AC395: =+J395-W395 -> -3182.27 | AD395: =+K395-X395 -> -24748.55 | AE395: =+L395-Y395 -> -45961.08 | AF395: =+M395-Z395 -> -73240.28 | AG395: =IFERROR(AA395/U395,"") -> -1.1621563 | AH395: =IFERROR(AB395/V395,"") -> -0.020205447 | AI395: =IFERROR(AC395/W395,"") -> -0.33207173 | AJ395: =IFERROR(AD395/X395,"") -> -0.084393756 | AK395: =IFERROR(AE395/Y395,"") -> -0.1688458 | AL395: =IFERROR(AF395/Z395,"") -> -0.10765346 | AM395: =SUMIF($E$14:$E$377,$F395,AM$14:AM$377) -> 394.63 | AN395: =SUMIF($E$14:$E$377,$F395,AN$14:AN$377) -> 21033.84 | AO395: =SUMIF($E$14:$E$377,$F395,AO$14:AO$377) -> 2537.21 | AP395: =SUMIF($E$14:$E$377,$F395,AP$14:AP$377) -> 82913.92 | AQ395: =SUMIF($E$14:$E$377,$F395,AQ$14:AQ$377) -> 68920.94 | AR395: =SUM(AM395:AQ395) -> 175800.54 | AS395: =SUMIF($M$84:$M$90,"<>0",AS$84:AS$90) -> -2433.64 | AT395: =SUMIF($M$84:$M$90,"<>0",AT$84:AT$90) -> 22091.08 | AU395: =SUMIF($M$84:$M$90,"<>0",AU$84:AU$90) -> 4465.94 | AV395: =SUMIF($M$84:$M$90,"<>0",AV$84:AV$90) -> 91099.97 | AW395: =SUMIF($M$84:$M$90,"<>0",AW$84:AW$90) -> 78724.76 | AX395: =SUM(AS395:AW395) -> 193948.11 | AY395: =+AM395-AS395 -> 2828.27 | AZ395: =+AN395-AT395 -> -1057.24 | BA395: =+AO395-AU395 -> -1928.73 | BB395: =+AP395-AV395 -> -8186.05 | BC395: =+AQ395-AW395 -> -9803.82 | BD395: =+AR395-AX395 -> -18147.57 | BE395: =IFERROR(AY395/AS395,0) -> -1.1621563 | BF395: =IFERROR(AZ395/AT395,0) -> -0.047858231 | BG395: =IFERROR(BA395/AU395,0) -> -0.43187548 | BH395: =IFERROR(BB395/AV395,0) -> -0.089857878 | BI395: =IFERROR(BC395/AW395,0) -> -0.12453287 | BJ395: =BD395/AX395 -> -0.093569203 | BK395: =IFERROR(AM395/H395,0) -> 1 | BL395: =IFERROR(AN395/I395,0) -> 0.19927986 | BM395: =IFERROR(AO395/J395,0) -> 0.39638889 | BN395: =IFERROR(AP395/K395,0) -> 0.3088014 | BO395: =IFERROR(AQ395/L395,0) -> 0.30462785 | BP395: =IFERROR(AR395/M395,0) -> 0.2895774 | BQ395: =IFERROR(AS395/U395,0) -> 1 | BR395: =IFERROR(AT395/V395,0) -> 0.20506749 | BS395: =IFERROR(AU395/W395,0) -> 0.46602345 | BT395: =IFERROR(AV395/X395,0) -> 0.31065532 | BU395: =IFERROR(AW395/Y395,0) -> 0.28920871 | BV395: =IFERROR(AX395/Z395,0) -> 0.2850779 | BW395: =+BK395-BQ395 -> 0 | BX395: =+BL395-BR395 -> -0.0057876285 | BY395: =+BM395-BS395 -> -0.069634555 | BZ395: =+BN395-BT395 -> -0.0018539176 | CA395: =+BO395-BU395 -> 0.015419142 | CB395: =+BP395-BV395 -> 0.0044994969 | CC395: =BW395*10000 -> 0 | CD395: =BX395*10000 -> -57.876285 | CE395: =BY395*10000 -> -696.34555 | CF395: =BZ395*10000 -> -18.539176 | CG395: =CA395*10000 -> 154.19142 | CH395: =CB395*10000 -> 44.994969
F396: Week 12 | H396: =SUMIF($E$14:$E$377,$F396,H$14:H$377) -> 366.36 | I396: =SUMIF($E$14:$E$377,$F396,I$14:I$377) -> 102905.57 | J396: =SUMIF($E$14:$E$377,$F396,J$14:J$377) -> 6522.06 | K396: =SUMIF($E$14:$E$377,$F396,K$14:K$377) -> 267024.07 | L396: =SUMIF($E$14:$E$377,$F396,L$14:L$377) -> 211157.69 | M396: =SUM(H396:L396) -> 587975.75 | T396: Week 12 | U396: =SUMIF($M$91:$M$97,"<>0",U$91:U$97) -> 601.89 | V396: =SUMIF($M$91:$M$97,"<>0",V$91:V$97) -> 93390 | W396: =SUMIF($M$91:$M$97,"<>0",W$91:W$97) -> 4798.28 | X396: =SUMIF($M$91:$M$97,"<>0",X$91:X$97) -> 248350.76 | Y396: =SUMIF($M$91:$M$97,"<>0",Y$91:Y$97) -> 241025.83 | Z396: =SUM(U396:Y396) -> 588166.76 | AA396: =+H396-U396 -> -235.53 | AB396: =+I396-V396 -> 9515.57 | AC396: =+J396-W396 -> 1723.78 | AD396: =+K396-X396 -> 18673.31 | AE396: =+L396-Y396 -> -29868.14 | AF396: =+M396-Z396 -> -191.01 | AG396: =IFERROR(AA396/U396,"") -> -0.39131735 | AH396: =IFERROR(AB396/V396,"") -> 0.10189067 | AI396: =IFERROR(AC396/W396,"") -> 0.35924956 | AJ396: =IFERROR(AD396/X396,"") -> 0.075189261 | AK396: =IFERROR(AE396/Y396,"") -> -0.12392091 | AL396: =IFERROR(AF396/Z396,"") -> -0.00032475484 | AM396: =SUMIF($E$14:$E$377,$F396,AM$14:AM$377) -> 366.36 | AN396: =SUMIF($E$14:$E$377,$F396,AN$14:AN$377) -> 20545.76 | AO396: =SUMIF($E$14:$E$377,$F396,AO$14:AO$377) -> 2654.67 | AP396: =SUMIF($E$14:$E$377,$F396,AP$14:AP$377) -> 83302.28 | AQ396: =SUMIF($E$14:$E$377,$F396,AQ$14:AQ$377) -> 63766.9 | AR396: =SUM(AM396:AQ396) -> 170635.97 | AS396: =SUMIF($M$91:$M$97,"<>0",AS$91:AS$97) -> 532.07 | AT396: =SUMIF($M$91:$M$97,"<>0",AT$91:AT$97) -> 19358.9 | AU396: =SUMIF($M$91:$M$97,"<>0",AU$91:AU$97) -> 2083.49 | AV396: =SUMIF($M$91:$M$97,"<>0",AV$91:AV$97) -> 78007.53 | AW396: =SUMIF($M$91:$M$97,"<>0",AW$91:AW$97) -> 72296.28 | AX396: =SUM(AS396:AW396) -> 172278.27 | AY396: =+AM396-AS396 -> -165.71 | AZ396: =+AN396-AT396 -> 1186.86 | BA396: =+AO396-AU396 -> 571.18 | BB396: =+AP396-AV396 -> 5294.75 | BC396: =+AQ396-AW396 -> -8529.38 | BD396: =+AR396-AX396 -> -1642.3 | BE396: =IFERROR(AY396/AS396,0) -> -0.31144398 | BF396: =IFERROR(AZ396/AT396,0) -> 0.061308235 | BG396: =IFERROR(BA396/AU396,0) -> 0.27414578 | BH396: =IFERROR(BB396/AV396,0) -> 0.067874858 | BI396: =IFERROR(BC396/AW396,0) -> -0.11797813 | BJ396: =BD396/AX396 -> -0.0095328331 | BK396: =IFERROR(AM396/H396,0) -> 1 | BL396: =IFERROR(AN396/I396,0) -> 0.19965644 | BM396: =IFERROR(AO396/J396,0) -> 0.40702937 | BN396: =IFERROR(AP396/K396,0) -> 0.31196543 | BO396: =IFERROR(AQ396/L396,0) -> 0.30198711 | BP396: =IFERROR(AR396/M396,0) -> 0.2902092 | BQ396: =IFERROR(AS396/U396,0) -> 0.88399874 | BR396: =IFERROR(AT396/V396,0) -> 0.20729093 | BS396: =IFERROR(AU396/W396,0) -> 0.43421601 | BT396: =IFERROR(AV396/X396,0) -> 0.31410224 | BU396: =IFERROR(AW396/Y396,0) -> 0.29995242 | BV396: =IFERROR(AX396/Z396,0) -> 0.29290719 | BW396: =+BK396-BQ396 -> 0.11600126 | BX396: =+BL396-BR396 -> -0.0076344882 | BY396: =+BM396-BS396 -> -0.027186637 | BZ396: =+BN396-BT396 -> -0.0021368055 | CA396: =+BO396-BU396 -> 0.0020346915 | CB396: =+BP396-BV396 -> -0.0026979885 | CC396: =BW396*10000 -> 1160.0126 | CD396: =BX396*10000 -> -76.344882 | CE396: =BY396*10000 -> -271.86637 | CF396: =BZ396*10000 -> -21.368055 | CG396: =CA396*10000 -> 20.346915 | CH396: =CB396*10000 -> -26.979885
F397: Week 13 | H397: =SUMIF($E$14:$E$377,$F397,H$14:H$377) -> 264.59 | I397: =SUMIF($E$14:$E$377,$F397,I$14:I$377) -> 91491.45 | J397: =SUMIF($E$14:$E$377,$F397,J$14:J$377) -> 6097.73 | K397: =SUMIF($E$14:$E$377,$F397,K$14:K$377) -> 224359.99 | L397: =SUMIF($E$14:$E$377,$F397,L$14:L$377) -> 208964.53 | M397: =SUM(H397:L397) -> 531178.29 | T397: Week 13 | U397: =SUMIF($M$98:$M$104,"<>0",U$98:U$104) -> 514.32 | V397: =SUMIF($M$98:$M$104,"<>0",V$98:V$104) -> 94322.09 | W397: =SUMIF($M$98:$M$104,"<>0",W$98:W$104) -> 5958.53 | X397: =SUMIF($M$98:$M$104,"<>0",X$98:X$104) -> 248895.16 | Y397: =SUMIF($M$98:$M$104,"<>0",Y$98:Y$104) -> 244356.66 | Z397: =SUM(U397:Y397) -> 594046.76 | AA397: =+H397-U397 -> -249.73 | AB397: =+I397-V397 -> -2830.64 | AC397: =+J397-W397 -> 139.2 | AD397: =+K397-X397 -> -24535.17 | AE397: =+L397-Y397 -> -35392.13 | AF397: =+M397-Z397 -> -62868.47 | AG397: =IFERROR(AA397/U397,"") -> -0.48555374 | AH397: =IFERROR(AB397/V397,"") -> -0.030010361 | AI397: =IFERROR(AC397/W397,"") -> 0.023361467 | AJ397: =IFERROR(AD397/X397,"") -> -0.098576324 | AK397: =IFERROR(AE397/Y397,"") -> -0.144838 | AL397: =IFERROR(AF397/Z397,"") -> -0.10583084 | AM397: =SUMIF($E$14:$E$377,$F397,AM$14:AM$377) -> 264.59 | AN397: =SUMIF($E$14:$E$377,$F397,AN$14:AN$377) -> 13331.17 | AO397: =SUMIF($E$14:$E$377,$F397,AO$14:AO$377) -> 2555.27 | AP397: =SUMIF($E$14:$E$377,$F397,AP$14:AP$377) -> 67538.13 | AQ397: =SUMIF($E$14:$E$377,$F397,AQ$14:AQ$377) -> 61914.83 | AR397: =SUM(AM397:AQ397) -> 145603.99 | AS397: =SUMIF($M$98:$M$104,"<>0",AS$98:AS$104) -> 514.32 | AT397: =SUMIF($M$98:$M$104,"<>0",AT$98:AT$104) -> 19760.56 | AU397: =SUMIF($M$98:$M$104,"<>0",AU$98:AU$104) -> 2531.78 | AV397: =SUMIF($M$98:$M$104,"<>0",AV$98:AV$104) -> 77692.37 | AW397: =SUMIF($M$98:$M$104,"<>0",AW$98:AW$104) -> 73591.51 | AX397: =SUM(AS397:AW397) -> 174090.54 | AY397: =+AM397-AS397 -> -249.73 | AZ397: =+AN397-AT397 -> -6429.39 | BA397: =+AO397-AU397 -> 23.49 | BB397: =+AP397-AV397 -> -10154.24 | BC397: =+AQ397-AW397 -> -11676.68 | BD397: =+AR397-AX397 -> -28486.55 | BE397: =IFERROR(AY397/AS397,0) -> -0.48555374 | BF397: =IFERROR(AZ397/AT397,0) -> -0.32536477 | BG397: =IFERROR(BA397/AU397,0) -> 0.0092780573 | BH397: =IFERROR(BB397/AV397,0) -> -0.13069803 | BI397: =IFERROR(BC397/AW397,0) -> -0.15866885 | BJ397: =BD397/AX397 -> -0.16363066 | BK397: =IFERROR(AM397/H397,0) -> 1 | BL397: =IFERROR(AN397/I397,0) -> 0.14570946 | BM397: =IFERROR(AO397/J397,0) -> 0.41905266 | BN397: =IFERROR(AP397/K397,0) -> 0.30102573 | BO397: =IFERROR(AQ397/L397,0) -> 0.29629349 | BP397: =IFERROR(AR397/M397,0) -> 0.2741151 | BQ397: =IFERROR(AS397/U397,0) -> 1 | BR397: =IFERROR(AT397/V397,0) -> 0.20950087 | BS397: =IFERROR(AU397/W397,0) -> 0.4249001 | BT397: =IFERROR(AV397/X397,0) -> 0.31214898 | BU397: =IFERROR(AW397/Y397,0) -> 0.30116433 | BV397: =IFERROR(AX397/Z397,0) -> 0.29305865 | BW397: =+BK397-BQ397 -> 0 | BX397: =+BL397-BR397 -> -0.063791408 | BY397: =+BM397-BS397 -> -0.0058474373 | BZ397: =+BN397-BT397 -> -0.011123248 | CA397: =+BO397-BU397 -> -0.0048708403 | CB397: =+BP397-BV397 -> -0.018943548 | CC397: =BW397*10000 -> 0 | CD397: =BX397*10000 -> -637.91408 | CE397: =BY397*10000 -> -58.474373 | CF397: =BZ397*10000 -> -111.23248 | CG397: =CA397*10000 -> -48.708403 | CH397: =CB397*10000 -> -189.43548
A398: FY26 | B398: FY26 | C398: 03 Mar | D398: 03 Mar | F398: Fiscal Mar | H398: =SUM(H394:H397) -> 1310.19 | I398: =SUM(I394:I397) -> 389787.31 | J398: =SUM(J394:J397) -> 25923.39 | K398: =SUM(K394:K397) -> 995635.42 | L398: =SUM(L394:L397) -> 863932.9 | M398: =SUM(H398:L398) -> 2276589.2 | N398: FY25 | O398: FY25 | P398: 03 Mar | Q398: 03 Mar | T398: Fiscal Mar | U398: =SUM(U394:U397) -> -19583.49 | V398: =SUM(V394:V397) -> 400061.38 | W398: =SUM(W394:W397) -> 25026.17 | X398: =SUM(X394:X397) -> 1091487.9 | Y398: =SUM(Y394:Y397) -> 1036717.2 | Z398: =SUM(U398:Y398) -> 2533709.1 | AA398: =+H398-U398 -> 20893.68 | AB398: =+I398-V398 -> -10274.07 | AC398: =+J398-W398 -> 897.22 | AD398: =+K398-X398 -> -95852.47 | AE398: =+L398-Y398 -> -172784.28 | AF398: =+M398-Z398 -> -257119.92 | AG398: =IFERROR(AA398/U398,"") -> -1.0669028 | AH398: =IFERROR(AB398/V398,"") -> -0.025681234 | AI398: =IFERROR(AC398/W398,"") -> 0.035851271 | AJ398: =IFERROR(AD398/X398,"") -> -0.087818171 | AK398: =IFERROR(AE398/Y398,"") -> -0.16666482 | AL398: =IFERROR(AF398/Z398,"") -> -0.10147965 | AM398: =SUM(AM394:AM397) -> 1310.19 | AN398: =SUM(AN394:AN397) -> 72971.76 | AO398: =SUM(AO394:AO397) -> 10860.15 | AP398: =SUM(AP394:AP397) -> 307427.53 | AQ398: =SUM(AQ394:AQ397) -> 260996.4 | AR398: =SUM(AM398:AQ398) -> 653566.03 | AS398: =SUM(AS394:AS397) -> -19653.31 | AT398: =SUM(AT394:AT397) -> 82346.17 | AU398: =SUM(AU394:AU397) -> 11098.84 | AV398: =SUM(AV394:AV397) -> 339614.95 | AW398: =SUM(AW394:AW397) -> 305440.42 | AX398: =SUM(AS398:AW398) -> 718847.07 | AY398: =+AM398-AS398 -> 20963.5 | AZ398: =+AN398-AT398 -> -9374.41 | BA398: =+AO398-AU398 -> -238.69 | BB398: =+AP398-AV398 -> -32187.42 | BC398: =+AQ398-AW398 -> -44444.02 | BD398: =+AR398-AX398 -> -65281.04 | BE398: =AY398/AS398 -> -1.0666651 | BF398: =AZ398/AT398 -> -0.11384148 | BG398: =BA398/AU398 -> -0.021505851 | BH398: =BB398/AV398 -> -0.094776216 | BI398: =BC398/AW398 -> -0.14550798 | BJ398: =BD398/AX398 -> -0.09081353 | BK398: =IFERROR(AM398/H398,0) -> 1 | BL398: =IFERROR(AN398/I398,0) -> 0.18720917 | BM398: =IFERROR(AO398/J398,0) -> 0.41893248 | BN398: =IFERROR(AP398/K398,0) -> 0.3087752 | BO398: =IFERROR(AQ398/L398,0) -> 0.30210263 | BP398: =IFERROR(AR398/M398,0) -> 0.28708123 | BQ398: =IFERROR(AS398/U398,0) -> 1.0035652 | BR398: =IFERROR(AT398/V398,0) -> 0.20583384 | BS398: =IFERROR(AU398/W398,0) -> 0.44348936 | BT398: =IFERROR(AV398/X398,0) -> 0.31114862 | BU398: =IFERROR(AW398/Y398,0) -> 0.29462271 | BV398: =IFERROR(AX398/Z398,0) -> 0.28371334 | BW398: =+BK398-BQ398 -> -0.0035652481 | BX398: =+BL398-BR398 -> -0.018624667 | BY398: =+BM398-BS398 -> -0.024556878 | BZ398: =+BN398-BT398 -> -0.0023734153 | CA398: =+BO398-BU398 -> 0.0074799235 | CB398: =+BP398-BV398 -> 0.0033678936 | CC398: =BW398*10000 -> -35.652481 | CD398: =BX398*10000 -> -186.24667 | CE398: =BY398*10000 -> -245.56878 | CF398: =BZ398*10000 -> -23.734153 | CG398: =CA398*10000 -> 74.799235 | CH398: =CB398*10000 -> 33.678936
A399: FY26 | B399: FY26 | C399: 03 Mar | D399: 03 Mar | F399: Calendar Mar | H399: =SUMIFS(H$7:H$377,$B$7:$B$377,$B399,$D$7:$D$377,$D399) -> 1305.14 | I399: =SUMIFS(I$7:I$377,$B$7:$B$377,$B399,$D$7:$D$377,$D399) -> 416842.3 | J399: =SUMIFS(J$7:J$377,$B$7:$B$377,$B399,$D$7:$D$377,$D399) -> 26808.82 | K399: =SUMIFS(K$7:K$377,$B$7:$B$377,$B399,$D$7:$D$377,$D399) -> 1070929.6 | L399: =SUMIFS(L$7:L$377,$B$7:$B$377,$B399,$D$7:$D$377,$D399) -> 937360 | M399: =SUM(H399:L399) -> 2453245.9 | N399: FY25 | O399: FY25 | P399: 03 Mar | Q399: 03 Mar | T399: Calendar Mar | U399: =SUMIFS(U$7:U$377,$M$7:$M$377,"<>0",$O$7:$O$377,$O399,$Q$7:$Q$377,$Q399) -> -21838.66 | V399: =SUMIFS(V$7:V$377,$M$7:$M$377,"<>0",$O$7:$O$377,$O399,$Q$7:$Q$377,$Q399) -> 441993.67 | W399: =SUMIFS(W$7:W$377,$M$7:$M$377,"<>0",$O$7:$O$377,$O399,$Q$7:$Q$377,$Q399) -> 27621.88 | X399: =SUMIFS(X$7:X$377,$M$7:$M$377,"<>0",$O$7:$O$377,$O399,$Q$7:$Q$377,$Q399) -> 1198769.5 | Y399: =SUMIFS(Y$7:Y$377,$M$7:$M$377,"<>0",$O$7:$O$377,$O399,$Q$7:$Q$377,$Q399) -> 1143396.5 | Z399: =SUM(U399:Y399) -> 2789942.9 | AA399: =+H399-U399 -> 23143.8 | AB399: =+I399-V399 -> -25151.37 | AC399: =+J399-W399 -> -813.06 | AD399: =+K399-X399 -> -127839.94 | AE399: =+L399-Y399 -> -206036.52 | AF399: =+M399-Z399 -> -336697.09 | AG399: =IFERROR(AA399/U399,"") -> -1.0597628 | AH399: =IFERROR(AB399/V399,"") -> -0.056904367 | AI399: =IFERROR(AC399/W399,"") -> -0.029435361 | AJ399: =IFERROR(AD399/X399,"") -> -0.10664263 | AK399: =IFERROR(AE399/Y399,"") -> -0.18019691 | AL399: =IFERROR(AF399/Z399,"") -> -0.12068243 | AM399: =SUMIFS(AM$7:AM$377,$B$7:$B$377,$B399,$D$7:$D$377,$D399) -> 1305.14 | AN399: =SUMIFS(AN$7:AN$377,$B$7:$B$377,$B399,$D$7:$D$377,$D399) -> 80481.34 | AO399: =SUMIFS(AO$7:AO$377,$B$7:$B$377,$B399,$D$7:$D$377,$D399) -> 11107.56 | AP399: =SUMIFS(AP$7:AP$377,$B$7:$B$377,$B399,$D$7:$D$377,$D399) -> 330224.24 | AQ399: =SUMIFS(AQ$7:AQ$377,$B$7:$B$377,$B399,$D$7:$D$377,$D399) -> 282703.01 | AR399: =SUM(AM399:AQ399) -> 705821.29 | AS399: =SUMIFS(AS$7:AS$377,$M$7:$M$377,"<>0",$O$7:$O$377,$O399,$Q$7:$Q$377,$Q399) -> -21908.48 | AT399: =SUMIFS(AT$7:AT$377,$M$7:$M$377,"<>0",$O$7:$O$377,$O399,$Q$7:$Q$377,$Q399) -> 90808.2 | AU399: =SUMIFS(AU$7:AU$377,$M$7:$M$377,"<>0",$O$7:$O$377,$O399,$Q$7:$Q$377,$Q399) -> 12278.99 | AV399: =SUMIFS(AV$7:AV$377,$M$7:$M$377,"<>0",$O$7:$O$377,$O399,$Q$7:$Q$377,$Q399) -> 373135.76 | AW399: =SUMIFS(AW$7:AW$377,$M$7:$M$377,"<>0",$O$7:$O$377,$O399,$Q$7:$Q$377,$Q399) -> 337827.59 | AX399: =SUM(AS399:AW399) -> 792142.06 | AY399: =+AM399-AS399 -> 23213.62 | AZ399: =+AN399-AT399 -> -10326.86 | BA399: =+AO399-AU399 -> -1171.43 | BB399: =+AP399-AV399 -> -42911.52 | BC399: =+AQ399-AW399 -> -55124.58 | BD399: =+AR399-AX399 -> -86320.77 | BE399: =AY399/AS399 -> -1.0595724 | BF399: =AZ399/AT399 -> -0.11372167 | BG399: =BA399/AU399 -> -0.095401169 | BH399: =BB399/AV399 -> -0.11500243 | BI399: =BC399/AW399 -> -0.16317371 | BJ399: =BD399/AX399 -> -0.10897133 | BK399: =IFERROR(AM399/H399,0) -> 1 | BL399: =IFERROR(AN399/I399,0) -> 0.19307383 | BM399: =IFERROR(AO399/J399,0) -> 0.41432484 | BN399: =IFERROR(AP399/K399,0) -> 0.3083529 | BO399: =IFERROR(AQ399/L399,0) -> 0.30159492 | BP399: =IFERROR(AR399/M399,0) -> 0.28770915 | BQ399: =IFERROR(AS399/U399,0) -> 1.0031971 | BR399: =IFERROR(AT399/V399,0) -> 0.20545136 | BS399: =IFERROR(AU399/W399,0) -> 0.44453853 | BT399: =IFERROR(AV399/X399,0) -> 0.31126564 | BU399: =IFERROR(AW399/Y399,0) -> 0.2954597 | BV399: =IFERROR(AX399/Z399,0) -> 0.28392769 | BW399: =+BK399-BQ399 -> -0.0031970826 | BX399: =+BL399-BR399 -> -0.012377527 | BY399: =+BM399-BS399 -> -0.030213695 | BZ399: =+BN399-BT399 -> -0.0029127403 | CA399: =+BO399-BU399 -> 0.0061352179 | CB399: =+BP399-BV399 -> 0.0037814627 | CC399: =BW399*10000 -> -31.970826 | CD399: =BX399*10000 -> -123.77527 | CE399: =BY399*10000 -> -302.13695 | CF399: =BZ399*10000 -> -29.127403 | CG399: =CA399*10000 -> 61.352179 | CH399: =CB399*10000 -> 37.814627
F401: Week 14 | H401: =SUMIF($E$14:$E$377,$F401,H$14:H$377) -> 94.84 | I401: =SUMIF($E$14:$E$377,$F401,I$14:I$377) -> 101147.03 | J401: =SUMIF($E$14:$E$377,$F401,J$14:J$377) -> 6844.47 | K401: =SUMIF($E$14:$E$377,$F401,K$14:K$377) -> 267997.63 | L401: =SUMIF($E$14:$E$377,$F401,L$14:L$377) -> 252080.67 | M401: =SUM(H401:L401) -> 628164.64 | T401: Week 14 | U401: =SUMIF($M$105:$M$111,"<>0",U$105:U$111) -> 429.5 | V401: =SUMIF($M$105:$M$111,"<>0",V$105:V$111) -> 99922.76 | W401: =SUMIF($M$105:$M$111,"<>0",W$105:W$111) -> 6848.86 | X401: =SUMIF($M$105:$M$111,"<>0",X$105:X$111) -> 264073.88 | Y401: =SUMIF($M$105:$M$111,"<>0",Y$105:Y$111) -> 265330.61 | Z401: =SUM(U401:Y401) -> 636605.61 | AA401: =+H401-U401 -> -334.66 | AB401: =+I401-V401 -> 1224.27 | AC401: =+J401-W401 -> -4.39 | AD401: =+K401-X401 -> 3923.75 | AE401: =+L401-Y401 -> -13249.94 | AF401: =+M401-Z401 -> -8440.97 | AG401: =IFERROR(AA401/U401,"") -> -0.7791851 | AH401: =IFERROR(AB401/V401,"") -> 0.012252164 | AI401: =IFERROR(AC401/W401,"") -> -0.00064098259 | AJ401: =IFERROR(AD401/X401,"") -> 0.014858531 | AK401: =IFERROR(AE401/Y401,"") -> -0.049937472 | AL401: =IFERROR(AF401/Z401,"") -> -0.01325934 | AM401: =SUMIF($E$14:$E$377,$F401,AM$14:AM$377) -> 94.84 | AN401: =SUMIF($E$14:$E$377,$F401,AN$14:AN$377) -> 19927.96 | AO401: =SUMIF($E$14:$E$377,$F401,AO$14:AO$377) -> 3001.29 | AP401: =SUMIF($E$14:$E$377,$F401,AP$14:AP$377) -> 81738.67 | AQ401: =SUMIF($E$14:$E$377,$F401,AQ$14:AQ$377) -> 74360.62 | AR401: =SUM(AM401:AQ401) -> 179123.38 | AS401: =SUMIF($M$105:$M$111,"<>0",AS$105:AS$111) -> 429.5 | AT401: =SUMIF($M$105:$M$111,"<>0",AT$105:AT$111) -> 20734.2 | AU401: =SUMIF($M$105:$M$111,"<>0",AU$105:AU$111) -> 2876.56 | AV401: =SUMIF($M$105:$M$111,"<>0",AV$105:AV$111) -> 82736.47 | AW401: =SUMIF($M$105:$M$111,"<>0",AW$105:AW$111) -> 82412.63 | AX401: =SUM(AS401:AW401) -> 189189.36 | AY401: =+AM401-AS401 -> -334.66 | AZ401: =+AN401-AT401 -> -806.24 | BA401: =+AO401-AU401 -> 124.73 | BB401: =+AP401-AV401 -> -997.8 | BC401: =+AQ401-AW401 -> -8052.01 | BD401: =+AR401-AX401 -> -10065.98 | BE401: =AY401/AS401 -> -0.7791851 | BF401: =AZ401/AT401 -> -0.038884548 | BG401: =BA401/AU401 -> 0.04336082 | BH401: =BB401/AV401 -> -0.012059978 | BI401: =BC401/AW401 -> -0.097703592 | BJ401: =BD401/AX401 -> -0.053205846 | BK401: =IFERROR(AM401/H401,0) -> 1 | BL401: =IFERROR(AN401/I401,0) -> 0.19701972 | BM401: =IFERROR(AO401/J401,0) -> 0.43849853 | BN401: =IFERROR(AP401/K401,0) -> 0.30499773 | BO401: =IFERROR(AQ401/L401,0) -> 0.29498739 | BP401: =IFERROR(AR401/M401,0) -> 0.28515355 | BQ401: =IFERROR(AS401/U401,0) -> 1 | BR401: =IFERROR(AT401/V401,0) -> 0.20750227 | BS401: =IFERROR(AU401/W401,0) -> 0.42000567 | BT401: =IFERROR(AV401/X401,0) -> 0.31330804 | BU401: =IFERROR(AW401/Y401,0) -> 0.31060355 | BV401: =IFERROR(AX401/Z401,0) -> 0.29718456 | BW401: =+BK401-BQ401 -> 0 | BX401: =+BL401-BR401 -> -0.01048255 | BY401: =+BM401-BS401 -> 0.01849286 | BZ401: =+BN401-BT401 -> -0.0083103064 | CA401: =+BO401-BU401 -> -0.015616158 | CB401: =+BP401-BV401 -> -0.012031008 | CC401: =BW401*10000 -> 0 | CD401: =BX401*10000 -> -104.8255 | CE401: =BY401*10000 -> 184.9286 | CF401: =BZ401*10000 -> -83.103064 | CG401: =CA401*10000 -> -156.16158 | CH401: =CB401*10000 -> -120.31008
F402: Week 15 | H402: =SUMIF($E$14:$E$377,$F402,H$14:H$377) -> 454.51 | I402: =SUMIF($E$14:$E$377,$F402,I$14:I$377) -> 94626.34 | J402: =SUMIF($E$14:$E$377,$F402,J$14:J$377) -> 9464.07 | K402: =SUMIF($E$14:$E$377,$F402,K$14:K$377) -> 231803.43 | L402: =SUMIF($E$14:$E$377,$F402,L$14:L$377) -> 196044.49 | M402: =SUM(H402:L402) -> 532392.84 | T402: Week 15 | U402: =SUMIF($M112:$M$118,"<>0",U112:U$118) -> 381.34 | V402: =SUMIF($M112:$M$118,"<>0",V112:V$118) -> 102631.43 | W402: =SUMIF($M112:$M$118,"<>0",W112:W$118) -> 9319.96 | X402: =SUMIF($M112:$M$118,"<>0",X112:X$118) -> 273809.98 | Y402: =SUMIF($M112:$M$118,"<>0",Y112:Y$118) -> 249322.51 | Z402: =SUM(U402:Y402) -> 635465.22 | AA402: =+H402-U402 -> 73.17 | AB402: =+I402-V402 -> -8005.09 | AC402: =+J402-W402 -> 144.11 | AD402: =+K402-X402 -> -42006.55 | AE402: =+L402-Y402 -> -53278.02 | AF402: =+M402-Z402 -> -103072.38 | AG402: =IFERROR(AA402/U402,"") -> 0.19187602 | AH402: =IFERROR(AB402/V402,"") -> -0.077998426 | AI402: =IFERROR(AC402/W402,"") -> 0.015462513 | AJ402: =IFERROR(AD402/X402,"") -> -0.15341497 | AK402: =IFERROR(AE402/Y402,"") -> -0.21369117 | AL402: =IFERROR(AF402/Z402,"") -> -0.16219988 | AM402: =SUMIF($E$14:$E$377,$F402,AM$14:AM$377) -> 454.51 | AN402: =SUMIF($E$14:$E$377,$F402,AN$14:AN$377) -> 20594 | AO402: =SUMIF($E$14:$E$377,$F402,AO$14:AO$377) -> 4638.21 | AP402: =SUMIF($E$14:$E$377,$F402,AP$14:AP$377) -> 69714.75 | AQ402: =SUMIF($E$14:$E$377,$F402,AQ$14:AQ$377) -> 58838.02 | AR402: =SUM(AM402:AQ402) -> 154239.49 | AS402: =SUMIF($M112:$M$118,"<>0",AS112:AS$118) -> 218.46 | AT402: =SUMIF($M112:$M$118,"<>0",AT112:AT$118) -> 20924.22 | AU402: =SUMIF($M112:$M$118,"<>0",AU112:AU$118) -> 4555.59 | AV402: =SUMIF($M112:$M$118,"<>0",AV112:AV$118) -> 84268.01 | AW402: =SUMIF($M112:$M$118,"<>0",AW112:AW$118) -> 77139.75 | AX402: =SUM(AS402:AW402) -> 187106.03 | AY402: =+AM402-AS402 -> 236.05 | AZ402: =+AN402-AT402 -> -330.22 | BA402: =+AO402-AU402 -> 82.62 | BB402: =+AP402-AV402 -> -14553.26 | BC402: =+AQ402-AW402 -> -18301.73 | BD402: =+AR402-AX402 -> -32866.54 | BE402: =AY402/AS402 -> 1.0805182 | BF402: =AZ402/AT402 -> -0.015781711 | BG402: =BA402/AU402 -> 0.01813596 | BH402: =BB402/AV402 -> -0.17270207 | BI402: =BC402/AW402 -> -0.2372542 | BJ402: =BD402/AX402 -> -0.1756573 | BK402: =IFERROR(AM402/H402,0) -> 1 | BL402: =IFERROR(AN402/I402,0) -> 0.21763496 | BM402: =IFERROR(AO402/J402,0) -> 0.49008619 | BN402: =IFERROR(AP402/K402,0) -> 0.30074943 | BO402: =IFERROR(AQ402/L402,0) -> 0.30012585 | BP402: =IFERROR(AR402/M402,0) -> 0.28970993 | BQ402: =IFERROR(AS402/U402,0) -> 0.5728746 | BR402: =IFERROR(AT402/V402,0) -> 0.20387731 | BS402: =IFERROR(AU402/W402,0) -> 0.48879931 | BT402: =IFERROR(AV402/X402,0) -> 0.30776092 | BU402: =IFERROR(AW402/Y402,0) -> 0.30939745 | BV402: =IFERROR(AX402/Z402,0) -> 0.29443945 | BW402: =+BK402-BQ402 -> 0.4271254 | BX402: =+BL402-BR402 -> 0.013757652 | BY402: =+BM402-BS402 -> 0.001286881 | BZ402: =+BN402-BT402 -> -0.0070114827 | CA402: =+BO402-BU402 -> -0.0092716006 | CB402: =+BP402-BV402 -> -0.0047295247 | CC402: =BW402*10000 -> 4271.254 | CD402: =BX402*10000 -> 137.57652 | CE402: =BY402*10000 -> 12.86881 | CF402: =BZ402*10000 -> -70.114827 | CG402: =CA402*10000 -> -92.716006 | CH402: =CB402*10000 -> -47.295247
F403: Week 16 | H403: =SUMIF($E$14:$E$377,$F403,H$14:H$377) -> 295.33 | I403: =SUMIF($E$14:$E$377,$F403,I$14:I$377) -> 100705.64 | J403: =SUMIF($E$14:$E$377,$F403,J$14:J$377) -> 7009.39 | K403: =SUMIF($E$14:$E$377,$F403,K$14:K$377) -> 244778.01 | L403: =SUMIF($E$14:$E$377,$F403,L$14:L$377) -> 218384.55 | M403: =SUM(H403:L403) -> 571172.92 | T403: Week 16 | U403: =SUMIF($M$119:$M$125,"<>0",U$119:U$125) -> 463.06 | V403: =SUMIF($M$119:$M$125,"<>0",V$119:V$125) -> 100960.66 | W403: =SUMIF($M$119:$M$125,"<>0",W$119:W$125) -> 2633.35 | X403: =SUMIF($M$119:$M$125,"<>0",X$119:X$125) -> 278564.06 | Y403: =SUMIF($M$119:$M$125,"<>0",Y$119:Y$125) -> 257173.36 | Z403: =SUM(U403:Y403) -> 639794.49 | AA403: =+H403-U403 -> -167.73 | AB403: =+I403-V403 -> -255.02 | AC403: =+J403-W403 -> 4376.04 | AD403: =+K403-X403 -> -33786.05 | AE403: =+L403-Y403 -> -38788.81 | AF403: =+M403-Z403 -> -68621.57 | AG403: =IFERROR(AA403/U403,"") -> -0.36222088 | AH403: =IFERROR(AB403/V403,"") -> -0.0025259344 | AI403: =IFERROR(AC403/W403,"") -> 1.6617768 | AJ403: =IFERROR(AD403/X403,"") -> -0.12128646 | AK403: =IFERROR(AE403/Y403,"") -> -0.15082748 | AL403: =IFERROR(AF403/Z403,"") -> -0.10725564 | AM403: =SUMIF($E$14:$E$377,$F403,AM$14:AM$377) -> 295.33 | AN403: =SUMIF($E$14:$E$377,$F403,AN$14:AN$377) -> 20226.8 | AO403: =SUMIF($E$14:$E$377,$F403,AO$14:AO$377) -> 3144.94 | AP403: =SUMIF($E$14:$E$377,$F403,AP$14:AP$377) -> 72701.94 | AQ403: =SUMIF($E$14:$E$377,$F403,AQ$14:AQ$377) -> 65593.66 | AR403: =SUM(AM403:AQ403) -> 161962.67 | AS403: =SUMIF($M$119:$M$125,"<>0",AS$119:AS$125) -> 463.06 | AT403: =SUMIF($M$119:$M$125,"<>0",AT$119:AT$125) -> 20543.46 | AU403: =SUMIF($M$119:$M$125,"<>0",AU$119:AU$125) -> 1175.53 | AV403: =SUMIF($M$119:$M$125,"<>0",AV$119:AV$125) -> 87505.27 | AW403: =SUMIF($M$119:$M$125,"<>0",AW$119:AW$125) -> 78759.89 | AX403: =SUM(AS403:AW403) -> 188447.21 | AY403: =+AM403-AS403 -> -167.73 | AZ403: =+AN403-AT403 -> -316.66 | BA403: =+AO403-AU403 -> 1969.41 | BB403: =+AP403-AV403 -> -14803.33 | BC403: =+AQ403-AW403 -> -13166.23 | BD403: =+AR403-AX403 -> -26484.54 | BE403: =AY403/AS403 -> -0.36222088 | BF403: =AZ403/AT403 -> -0.015414151 | BG403: =BA403/AU403 -> 1.6753379 | BH403: =BB403/AV403 -> -0.16917073 | BI403: =BC403/AW403 -> -0.16716923 | BJ403: =BD403/AX403 -> -0.1405409 | BK403: =IFERROR(AM403/H403,0) -> 1 | BL403: =IFERROR(AN403/I403,0) -> 0.20085072 | BM403: =IFERROR(AO403/J403,0) -> 0.44867528 | BN403: =IFERROR(AP403/K403,0) -> 0.29701173 | BO403: =IFERROR(AQ403/L403,0) -> 0.30035852 | BP403: =IFERROR(AR403/M403,0) -> 0.28356154 | BQ403: =IFERROR(AS403/U403,0) -> 1 | BR403: =IFERROR(AT403/V403,0) -> 0.20347985 | BS403: =IFERROR(AU403/W403,0) -> 0.44640097 | BT403: =IFERROR(AV403/X403,0) -> 0.31412979 | BU403: =IFERROR(AW403/Y403,0) -> 0.30625213 | BV403: =IFERROR(AX403/Z403,0) -> 0.29454335 | BW403: =+BK403-BQ403 -> 0 | BX403: =+BL403-BR403 -> -0.0026291335 | BY403: =+BM403-BS403 -> 0.0022743049 | BZ403: =+BN403-BT403 -> -0.017118062 | CA403: =+BO403-BU403 -> -0.0058936139 | CB403: =+BP403-BV403 -> -0.010981811 | CC403: =BW403*10000 -> 0 | CD403: =BX403*10000 -> -26.291335 | CE403: =BY403*10000 -> 22.743049 | CF403: =BZ403*10000 -> -171.18062 | CG403: =CA403*10000 -> -58.936139 | CH403: =CB403*10000 -> -109.81811
F404: Week 17 | H404: =SUMIF($E$14:$E$377,$F404,H$14:H$377) -> 363.14 | I404: =SUMIF($E$14:$E$377,$F404,I$14:I$377) -> 101400.29 | J404: =SUMIF($E$14:$E$377,$F404,J$14:J$377) -> 3887.45 | K404: =SUMIF($E$14:$E$377,$F404,K$14:K$377) -> 246395.21 | L404: =SUMIF($E$14:$E$377,$F404,L$14:L$377) -> 201991.47 | M404: =SUM(H404:L404) -> 554037.56 | T404: Week 17 | U404: =SUMIF($M$126:$M$132,"<>0",U$126:U$132) -> -2245.14 | V404: =SUMIF($M$126:$M$132,"<>0",V$126:V$132) -> 95563.09 | W404: =SUMIF($M$126:$M$132,"<>0",W$126:W$132) -> 6844.41 | X404: =SUMIF($M$126:$M$132,"<>0",X$126:X$132) -> 242651.66 | Y404: =SUMIF($M$126:$M$132,"<>0",Y$126:Y$132) -> 211347.82 | Z404: =SUM(U404:Y404) -> 554161.84 | AA404: =+H404-U404 -> 2608.28 | AB404: =+I404-V404 -> 5837.2 | AC404: =+J404-W404 -> -2956.96 | AD404: =+K404-X404 -> 3743.55 | AE404: =+L404-Y404 -> -9356.35 | AF404: =+M404-Z404 -> -124.28 | AG404: =IFERROR(AA404/U404,"") -> -1.1617449 | AH404: =IFERROR(AB404/V404,"") -> 0.06108216 | AI404: =IFERROR(AC404/W404,"") -> -0.43202555 | AJ404: =IFERROR(AD404/X404,"") -> 0.015427671 | AK404: =IFERROR(AE404/Y404,"") -> -0.044269915 | AL404: =IFERROR(AF404/Z404,"") -> -0.00022426661 | AM404: =SUMIF($E$14:$E$377,$F404,AM$14:AM$377) -> 363.14 | AN404: =SUMIF($E$14:$E$377,$F404,AN$14:AN$377) -> 20090.49 | AO404: =SUMIF($E$14:$E$377,$F404,AO$14:AO$377) -> 1135.55 | AP404: =SUMIF($E$14:$E$377,$F404,AP$14:AP$377) -> 73131.64 | AQ404: =SUMIF($E$14:$E$377,$F404,AQ$14:AQ$377) -> 61023.3 | AR404: =SUM(AM404:AQ404) -> 155744.12 | AS404: =SUMIF($M$126:$M$132,"<>0",AS$126:AS$132) -> -2245.14 | AT404: =SUMIF($M$126:$M$132,"<>0",AT$126:AT$132) -> 19613.59 | AU404: =SUMIF($M$126:$M$132,"<>0",AU$126:AU$132) -> 3096.34 | AV404: =SUMIF($M$126:$M$132,"<>0",AV$126:AV$132) -> 74582.28 | AW404: =SUMIF($M$126:$M$132,"<>0",AW$126:AW$132) -> 66400.92 | AX404: =SUM(AS404:AW404) -> 161447.99 | AY404: =+AM404-AS404 -> 2608.28 | AZ404: =+AN404-AT404 -> 476.9 | BA404: =+AO404-AU404 -> -1960.79 | BB404: =+AP404-AV404 -> -1450.64 | BC404: =+AQ404-AW404 -> -5377.62 | BD404: =+AR404-AX404 -> -5703.87 | BE404: =AY404/AS404 -> -1.1617449 | BF404: =AZ404/AT404 -> 0.024314774 | BG404: =BA404/AU404 -> -0.63326056 | BH404: =BB404/AV404 -> -0.019450196 | BI404: =BC404/AW404 -> -0.080987131 | BJ404: =BD404/AX404 -> -0.035329458 | BK404: =IFERROR(AM404/H404,0) -> 1 | BL404: =IFERROR(AN404/I404,0) -> 0.1981305 | BM404: =IFERROR(AO404/J404,0) -> 0.29210665 | BN404: =IFERROR(AP404/K404,0) -> 0.29680626 | BO404: =IFERROR(AQ404/L404,0) -> 0.3021083 | BP404: =IFERROR(AR404/M404,0) -> 0.28110751 | BQ404: =IFERROR(AS404/U404,0) -> 1 | BR404: =IFERROR(AT404/V404,0) -> 0.20524232 | BS404: =IFERROR(AU404/W404,0) -> 0.45238961 | BT404: =IFERROR(AV404/X404,0) -> 0.30736357 | BU404: =IFERROR(AW404/Y404,0) -> 0.3141784 | BV404: =IFERROR(AX404/Z404,0) -> 0.29133726 | BW404: =+BK404-BQ404 -> 0 | BX404: =+BL404-BR404 -> -0.0071118184 | BY404: =+BM404-BS404 -> -0.16028296 | BZ404: =+BN404-BT404 -> -0.010557311 | CA404: =+BO404-BU404 -> -0.012070098 | CB404: =+BP404-BV404 -> -0.010229744 | CC404: =BW404*10000 -> 0 | CD404: =BX404*10000 -> -71.118184 | CE404: =BY404*10000 -> -1602.8296 | CF404: =BZ404*10000 -> -105.57311 | CG404: =CA404*10000 -> -120.70098 | CH404: =CB404*10000 -> -102.29744
A405: FY26 | B405: FY26 | C405: 04 Apr | D405: 04 Apr | F405: Fiscal Apr | H405: =SUM(H401:H404) -> 1207.82 | I405: =SUM(I401:I404) -> 397879.3 | J405: =SUM(J401:J404) -> 27205.38 | K405: =SUM(K401:K404) -> 990974.28 | L405: =SUM(L401:L404) -> 868501.18 | M405: =SUM(H405:L405) -> 2285768 | N405: FY25 | O405: FY25 | P405: 04 Apr | Q405: 04 Apr | T405: Fiscal Apr | U405: =SUM(U401:U404) -> -971.24 | V405: =SUM(V401:V404) -> 399077.94 | W405: =SUM(W401:W404) -> 25646.58 | X405: =SUM(X401:X404) -> 1059099.6 | Y405: =SUM(Y401:Y404) -> 983174.3 | Z405: =SUM(U405:Y405) -> 2466027.2 | AA405: =+H405-U405 -> 2179.06 | AB405: =+I405-V405 -> -1198.64 | AC405: =+J405-W405 -> 1558.8 | AD405: =+K405-X405 -> -68125.3 | AE405: =+L405-Y405 -> -114673.12 | AF405: =+M405-Z405 -> -180259.2 | AG405: =IFERROR(AA405/U405,"") -> -2.2435855 | AH405: =IFERROR(AB405/V405,"") -> -0.0030035236 | AI405: =IFERROR(AC405/W405,"") -> 0.060780034 | AJ405: =IFERROR(AD405/X405,"") -> -0.064323791 | AK405: =IFERROR(AE405/Y405,"") -> -0.1166356 | AL405: =IFERROR(AF405/Z405,"") -> -0.073097005 | AM405: =SUM(AM401:AM404) -> 1207.82 | AN405: =SUM(AN401:AN404) -> 80839.25 | AO405: =SUM(AO401:AO404) -> 11919.99 | AP405: =SUM(AP401:AP404) -> 297287 | AQ405: =SUM(AQ401:AQ404) -> 259815.6 | AR405: =SUM(AM405:AQ405) -> 651069.66 | AS405: =SUM(AS401:AS404) -> -1134.12 | AT405: =SUM(AT401:AT404) -> 81815.47 | AU405: =SUM(AU401:AU404) -> 11704.02 | AV405: =SUM(AV401:AV404) -> 329092.03 | AW405: =SUM(AW401:AW404) -> 304713.19 | AX405: =SUM(AS405:AW405) -> 726190.59 | AY405: =+AM405-AS405 -> 2341.94 | AZ405: =+AN405-AT405 -> -976.22 | BA405: =+AO405-AU405 -> 215.97 | BB405: =+AP405-AV405 -> -31805.03 | BC405: =+AQ405-AW405 -> -44897.59 | BD405: =+AR405-AX405 -> -75120.93 | BE405: =AY405/AS405 -> -2.0649843 | BF405: =AZ405/AT405 -> -0.011931973 | BG405: =BA405/AU405 -> 0.018452634 | BH405: =BB405/AV405 -> -0.09664479 | BI405: =BC405/AW405 -> -0.14734377 | BJ405: =BD405/AX405 -> -0.1034452 | BK405: =IFERROR(AM405/H405,0) -> 1 | BL405: =IFERROR(AN405/I405,0) -> 0.20317531 | BM405: =IFERROR(AO405/J405,0) -> 0.43814826 | BN405: =IFERROR(AP405/K405,0) -> 0.29999467 | BO405: =IFERROR(AQ405/L405,0) -> 0.299154 | BP405: =IFERROR(AR405/M405,0) -> 0.28483629 | BQ405: =IFERROR(AS405/U405,0) -> 1.1677031 | BR405: =IFERROR(AT405/V405,0) -> 0.20501126 | BS405: =IFERROR(AU405/W405,0) -> 0.45635792 | BT405: =IFERROR(AV405/X405,0) -> 0.31072813 | BU405: =IFERROR(AW405/Y405,0) -> 0.30992794 | BV405: =IFERROR(AX405/Z405,0) -> 0.29447794 | BW405: =+BK405-BQ405 -> -0.16770314 | BX405: =+BL405-BR405 -> -0.001835947 | BY405: =+BM405-BS405 -> -0.01820966 | BZ405: =+BN405-BT405 -> -0.01073346 | CA405: =+BO405-BU405 -> -0.010773947 | CB405: =+BP405-BV405 -> -0.0096416491 | CC405: =BW405*10000 -> -1677.0314 | CD405: =BX405*10000 -> -18.35947 | CE405: =BY405*10000 -> -182.0966 | CF405: =BZ405*10000 -> -107.3346 | CG405: =CA405*10000 -> -107.73947 | CH405: =CB405*10000 -> -96.416491
A406: FY26 | B406: FY26 | C406: 04 Apr | D406: 04 Apr | F406: Calendar Apr | H406: =SUMIFS(H$7:H$377,$B$7:$B$377,$B406,$D$7:$D$377,$D406) -> 1528.8 | I406: =SUMIFS(I$7:I$377,$B$7:$B$377,$B406,$D$7:$D$377,$D406) -> 431494.09 | J406: =SUMIFS(J$7:J$377,$B$7:$B$377,$B406,$D$7:$D$377,$D406) -> 30416.03 | K406: =SUMIFS(K$7:K$377,$B$7:$B$377,$B406,$D$7:$D$377,$D406) -> 1077630.3 | L406: =SUMIFS(L$7:L$377,$B$7:$B$377,$B406,$D$7:$D$377,$D406) -> 941199.04 | M406: =SUM(H406:L406) -> 2482268.3 | N406: FY25 | O406: FY25 | P406: 04 Apr | Q406: 04 Apr | T406: Calendar Apr | U406: =SUMIFS(U$7:U$377,$M$7:$M$377,"<>0",$O$7:$O$377,$O406,$Q$7:$Q$377,$Q406) -> -3421.66 | V406: =SUMIFS(V$7:V$377,$M$7:$M$377,"<>0",$O$7:$O$377,$O406,$Q$7:$Q$377,$Q406) -> 424027.1 | W406: =SUMIFS(W$7:W$377,$M$7:$M$377,"<>0",$O$7:$O$377,$O406,$Q$7:$Q$377,$Q406) -> 26884.9 | X406: =SUMIFS(X$7:X$377,$M$7:$M$377,"<>0",$O$7:$O$377,$O406,$Q$7:$Q$377,$Q406) -> 1124432.3 | Y406: =SUMIFS(Y$7:Y$377,$M$7:$M$377,"<>0",$O$7:$O$377,$O406,$Q$7:$Q$377,$Q406) -> 1055616 | Z406: =SUM(U406:Y406) -> 2627538.6 | AA406: =+H406-U406 -> 4950.46 | AB406: =+I406-V406 -> 7466.99 | AC406: =+J406-W406 -> 3531.13 | AD406: =+K406-X406 -> -46802 | AE406: =+L406-Y406 -> -114416.94 | AF406: =+M406-Z406 -> -145270.36 | AG406: =IFERROR(AA406/U406,"") -> -1.4468007 | AH406: =IFERROR(AB406/V406,"") -> 0.0176097 | AI406: =IFERROR(AC406/W406,"") -> 0.1313425 | AJ406: =IFERROR(AD406/X406,"") -> -0.041622781 | AK406: =IFERROR(AE406/Y406,"") -> -0.10838879 | AL406: =IFERROR(AF406/Z406,"") -> -0.055287621 | AM406: =SUMIFS(AM$7:AM$377,$B$7:$B$377,$B406,$D$7:$D$377,$D406) -> 1528.8 | AN406: =SUMIFS(AN$7:AN$377,$B$7:$B$377,$B406,$D$7:$D$377,$D406) -> 85204.39 | AO406: =SUMIFS(AO$7:AO$377,$B$7:$B$377,$B406,$D$7:$D$377,$D406) -> 13112.96 | AP406: =SUMIFS(AP$7:AP$377,$B$7:$B$377,$B406,$D$7:$D$377,$D406) -> 321883.06 | AQ406: =SUMIFS(AQ$7:AQ$377,$B$7:$B$377,$B406,$D$7:$D$377,$D406) -> 281508.65 | AR406: =SUM(AM406:AQ406) -> 703237.86 | AS406: =SUMIFS(AS$7:AS$377,$M$7:$M$377,"<>0",$O$7:$O$377,$O406,$Q$7:$Q$377,$Q406) -> -3584.54 | AT406: =SUMIFS(AT$7:AT$377,$M$7:$M$377,"<>0",$O$7:$O$377,$O406,$Q$7:$Q$377,$Q406) -> 86614.34 | AU406: =SUMIFS(AU$7:AU$377,$M$7:$M$377,"<>0",$O$7:$O$377,$O406,$Q$7:$Q$377,$Q406) -> 12328.38 | AV406: =SUMIFS(AV$7:AV$377,$M$7:$M$377,"<>0",$O$7:$O$377,$O406,$Q$7:$Q$377,$Q406) -> 349685.67 | AW406: =SUMIFS(AW$7:AW$377,$M$7:$M$377,"<>0",$O$7:$O$377,$O406,$Q$7:$Q$377,$Q406) -> 326185.18 | AX406: =SUM(AS406:AW406) -> 771229.03 | AY406: =+AM406-AS406 -> 5113.34 | AZ406: =+AN406-AT406 -> -1409.95 | BA406: =+AO406-AU406 -> 784.58 | BB406: =+AP406-AV406 -> -27802.61 | BC406: =+AQ406-AW406 -> -44676.53 | BD406: =+AR406-AX406 -> -67991.17 | BE406: =AY406/AS406 -> -1.4264982 | BF406: =AZ406/AT406 -> -0.016278482 | BG406: =BA406/AU406 -> 0.063640154 | BH406: =BB406/AV406 -> -0.079507433 | BI406: =BC406/AW406 -> -0.13696677 | BJ406: =BD406/AX406 -> -0.088159506 | BK406: =IFERROR(AM406/H406,0) -> 1 | BL406: =IFERROR(AN406/I406,0) -> 0.19746363 | BM406: =IFERROR(AO406/J406,0) -> 0.43112004 | BN406: =IFERROR(AP406/K406,0) -> 0.29869525 | BO406: =IFERROR(AQ406/L406,0) -> 0.29909577 | BP406: =IFERROR(AR406/M406,0) -> 0.28330453 | BQ406: =IFERROR(AS406/U406,0) -> 1.0476026 | BR406: =IFERROR(AT406/V406,0) -> 0.20426605 | BS406: =IFERROR(AU406/W406,0) -> 0.4585615 | BT406: =IFERROR(AV406/X406,0) -> 0.31098863 | BU406: =IFERROR(AW406/Y406,0) -> 0.30899985 | BV406: =IFERROR(AX406/Z406,0) -> 0.29351767 | BW406: =+BK406-BQ406 -> -0.047602626 | BX406: =+BL406-BR406 -> -0.0068024165 | BY406: =+BM406-BS406 -> -0.02744146 | BZ406: =+BN406-BT406 -> -0.012293381 | CA406: =+BO406-BU406 -> -0.0099040822 | CB406: =+BP406-BV406 -> -0.010213139 | CC406: =BW406*10000 -> -476.02626 | CD406: =BX406*10000 -> -68.024165 | CE406: =BY406*10000 -> -274.4146 | CF406: =BZ406*10000 -> -122.93381 | CG406: =CA406*10000 -> -99.040822 | CH406: =CB406*10000 -> -102.13139
F408: Week 18 | H408: =SUMIF($E$14:$E$377,$F408,H$14:H$377) -> 426.18 | I408: =SUMIF($E$14:$E$377,$F408,I$14:I$377) -> 105785.93 | J408: =SUMIF($E$14:$E$377,$F408,J$14:J$377) -> 8712.91 | K408: =SUMIF($E$14:$E$377,$F408,K$14:K$377) -> 267805.93 | L408: =SUMIF($E$14:$E$377,$F408,L$14:L$377) -> 226276.72 | M408: =SUM(H408:L408) -> 609007.67 | T408: Week 18 | U408: =SUMIF($M$133:$M$139,"<>0",U$133:U$139) -> -5808.56 | V408: =SUMIF($M$133:$M$139,"<>0",V$133:V$139) -> 114307.15 | W408: =SUMIF($M$133:$M$139,"<>0",W$133:W$139) -> 7601.63 | X408: =SUMIF($M$133:$M$139,"<>0",X$133:X$139) -> 291431.37 | Y408: =SUMIF($M$133:$M$139,"<>0",Y$133:Y$139) -> 268057.18 | Z408: =SUM(U408:Y408) -> 675588.77 | AA408: =+H408-U408 -> 6234.74 | AB408: =+I408-V408 -> -8521.22 | AC408: =+J408-W408 -> 1111.28 | AD408: =+K408-X408 -> -23625.44 | AE408: =+L408-Y408 -> -41780.46 | AF408: =+M408-Z408 -> -66581.1 | AG408: =IFERROR(AA408/U408,"") -> -1.073371 | AH408: =IFERROR(AB408/V408,"") -> -0.074546693 | AI408: =IFERROR(AC408/W408,"") -> 0.1461897 | AJ408: =IFERROR(AD408/X408,"") -> -0.081066908 | AK408: =IFERROR(AE408/Y408,"") -> -0.15586398 | AL408: =IFERROR(AF408/Z408,"") -> -0.098552704 | AM408: =SUMIF($E$14:$E$377,$F408,AM$14:AM$377) -> 2062.18 | AN408: =SUMIF($E$14:$E$377,$F408,AN$14:AN$377) -> 21048.82 | AO408: =SUMIF($E$14:$E$377,$F408,AO$14:AO$377) -> 3518.32 | AP408: =SUMIF($E$14:$E$377,$F408,AP$14:AP$377) -> 77401.7 | AQ408: =SUMIF($E$14:$E$377,$F408,AQ$14:AQ$377) -> 67469.55 | AR408: =SUM(AM408:AQ408) -> 171500.57 | AS408: =SUMIF($M$133:$M$139,"<>0",AS$133:AS$139) -> -5869.4 | AT408: =SUMIF($M$133:$M$139,"<>0",AT$133:AT$139) -> 22769.62 | AU408: =SUMIF($M$133:$M$139,"<>0",AU$133:AU$139) -> 3623.82 | AV408: =SUMIF($M$133:$M$139,"<>0",AV$133:AV$139) -> 91402.06 | AW408: =SUMIF($M$133:$M$139,"<>0",AW$133:AW$139) -> 81949.58 | AX408: =SUM(AS408:AW408) -> 193875.68 | AY408: =+AM408-AS408 -> 7931.58 | AZ408: =+AN408-AT408 -> -1720.8 | BA408: =+AO408-AU408 -> -105.5 | BB408: =+AP408-AV408 -> -14000.36 | BC408: =+AQ408-AW408 -> -14480.03 | BD408: =+AR408-AX408 -> -22375.11 | BE408: =AY408/AS408 -> -1.3513443 | BF408: =AZ408/AT408 -> -0.075574384 | BG408: =BA408/AU408 -> -0.029112925 | BH408: =BB408/AV408 -> -0.15317335 | BI408: =BC408/AW408 -> -0.17669438 | BJ408: =BD408/AX408 -> -0.11540958 | BK408: =IFERROR(AM408/H408,0) -> 4.8387536 | BL408: =IFERROR(AN408/I408,0) -> 0.19897561 | BM408: =IFERROR(AO408/J408,0) -> 0.40380539 | BN408: =IFERROR(AP408/K408,0) -> 0.28902161 | BO408: =IFERROR(AQ408/L408,0) -> 0.29817274 | BP408: =IFERROR(AR408/M408,0) -> 0.28160658 | BQ408: =IFERROR(AS408/U408,0) -> 1.0104742 | BR408: =IFERROR(AT408/V408,0) -> 0.19919681 | BS408: =IFERROR(AU408/W408,0) -> 0.47671618 | BT408: =IFERROR(AV408/X408,0) -> 0.31363151 | BU408: =IFERROR(AW408/Y408,0) -> 0.30571679 | BV408: =IFERROR(AX408/Z408,0) -> 0.28697292 | BW408: =+BK408-BQ408 -> 3.8282794 | BX408: =+BL408-BR408 -> -0.00022120269 | BY408: =+BM408-BS408 -> -0.07291079 | BZ408: =+BN408-BT408 -> -0.024609902 | CA408: =+BO408-BU408 -> -0.007544046 | CB408: =+BP408-BV408 -> -0.0053663323 | CC408: =BW408*10000 -> 38282.794 | CD408: =BX408*10000 -> -2.2120269 | CE408: =BY408*10000 -> -729.1079 | CF408: =BZ408*10000 -> -246.09902 | CG408: =CA408*10000 -> -75.44046 | CH408: =CB408*10000 -> -53.663323
F409: Week 19 | H409: =SUMIF($E$14:$E$377,$F409,H$14:H$377) -> -419.77 | I409: =SUMIF($E$14:$E$377,$F409,I$14:I$377) -> 96197.26 | J409: =SUMIF($E$14:$E$377,$F409,J$14:J$377) -> 9049.63 | K409: =SUMIF($E$14:$E$377,$F409,K$14:K$377) -> 263784.12 | L409: =SUMIF($E$14:$E$377,$F409,L$14:L$377) -> 223838.42 | M409: =SUM(H409:L409) -> 592449.66 | T409: Week 19 | U409: =SUMIF($M$140:$M$146,"<>0",U$140:U$146) -> -642.62 | V409: =SUMIF($M$140:$M$146,"<>0",V$140:V$146) -> 102781.37 | W409: =SUMIF($M$140:$M$146,"<>0",W$140:W$146) -> 7433.84 | X409: =SUMIF($M$140:$M$146,"<>0",X$140:X$146) -> 269750.62 | Y409: =SUMIF($M$140:$M$146,"<>0",Y$140:Y$146) -> 233955.87 | Z409: =SUM(U409:Y409) -> 613279.08 | AA409: =+H409-U409 -> 222.85 | AB409: =+I409-V409 -> -6584.11 | AC409: =+J409-W409 -> 1615.79 | AD409: =+K409-X409 -> -5966.5 | AE409: =+L409-Y409 -> -10117.45 | AF409: =+M409-Z409 -> -20829.42 | AG409: =IFERROR(AA409/U409,"") -> -0.34678348 | AH409: =IFERROR(AB409/V409,"") -> -0.064059372 | AI409: =IFERROR(AC409/W409,"") -> 0.21735604 | AJ409: =IFERROR(AD409/X409,"") -> -0.022118578 | AK409: =IFERROR(AE409/Y409,"") -> -0.043245121 | AL409: =IFERROR(AF409/Z409,"") -> -0.033964015 | AM409: =SUMIF($E$14:$E$377,$F409,AM$14:AM$377) -> -419.77 | AN409: =SUMIF($E$14:$E$377,$F409,AN$14:AN$377) -> 19376.22 | AO409: =SUMIF($E$14:$E$377,$F409,AO$14:AO$377) -> 3981.02 | AP409: =SUMIF($E$14:$E$377,$F409,AP$14:AP$377) -> 74366.03 | AQ409: =SUMIF($E$14:$E$377,$F409,AQ$14:AQ$377) -> 65094.45 | AR409: =SUM(AM409:AQ409) -> 162397.95 | AS409: =SUMIF($M$140:$M$146,"<>0",AS$140:AS$146) -> -1011.9 | AT409: =SUMIF($M$140:$M$146,"<>0",AT$140:AT$146) -> 20986.29 | AU409: =SUMIF($M$140:$M$146,"<>0",AU$140:AU$146) -> 3359.49 | AV409: =SUMIF($M$140:$M$146,"<>0",AV$140:AV$146) -> 83361.01 | AW409: =SUMIF($M$140:$M$146,"<>0",AW$140:AW$146) -> 72104.82 | AX409: =SUM(AS409:AW409) -> 178799.71 | AY409: =+AM409-AS409 -> 592.13 | AZ409: =+AN409-AT409 -> -1610.07 | BA409: =+AO409-AU409 -> 621.53 | BB409: =+AP409-AV409 -> -8994.98 | BC409: =+AQ409-AW409 -> -7010.37 | BD409: =+AR409-AX409 -> -16401.76 | BE409: =AY409/AS409 -> -0.58516652 | BF409: =AZ409/AT409 -> -0.076720087 | BG409: =BA409/AU409 -> 0.18500725 | BH409: =BB409/AV409 -> -0.10790392 | BI409: =BC409/AW409 -> -0.097224707 | BJ409: =BD409/AX409 -> -0.091732587 | BK409: =IFERROR(AM409/H409,0) -> 1 | BL409: =IFERROR(AN409/I409,0) -> 0.20142175 | BM409: =IFERROR(AO409/J409,0) -> 0.4399097 | BN409: =IFERROR(AP409/K409,0) -> 0.28192004 | BO409: =IFERROR(AQ409/L409,0) -> 0.29081 | BP409: =IFERROR(AR409/M409,0) -> 0.27411266 | BQ409: =IFERROR(AS409/U409,0) -> 1.5746475 | BR409: =IFERROR(AT409/V409,0) -> 0.20418379 | BS409: =IFERROR(AU409/W409,0) -> 0.45191852 | BT409: =IFERROR(AV409/X409,0) -> 0.30902991 | BU409: =IFERROR(AW409/Y409,0) -> 0.30819838 | BV409: =IFERROR(AX409/Z409,0) -> 0.29154706 | BW409: =+BK409-BQ409 -> -0.57464754 | BX409: =+BL409-BR409 -> -0.002762048 | BY409: =+BM409-BS409 -> -0.012008826 | BZ409: =+BN409-BT409 -> -0.027109869 | CA409: =+BO409-BU409 -> -0.017388384 | CB409: =+BP409-BV409 -> -0.017434399 | CC409: =BW409*10000 -> -5746.4754 | CD409: =BX409*10000 -> -27.62048 | CE409: =BY409*10000 -> -120.08826 | CF409: =BZ409*10000 -> -271.09869 | CG409: =CA409*10000 -> -173.88384 | CH409: =CB409*10000 -> -174.34399
F410: Week 20 | H410: =SUMIF($E$14:$E$377,$F410,H$14:H$377) -> -1221.1 | I410: =SUMIF($E$14:$E$377,$F410,I$14:I$377) -> 117932.02 | J410: =SUMIF($E$14:$E$377,$F410,J$14:J$377) -> 10549.5 | K410: =SUMIF($E$14:$E$377,$F410,K$14:K$377) -> 250579.74 | L410: =SUMIF($E$14:$E$377,$F410,L$14:L$377) -> 220130.82 | M410: =SUM(H410:L410) -> 597970.98 | T410: Week 20 | U410: =SUMIF($M$147:$M$153,"<>0",U$147:U$153) -> 610.32 | V410: =SUMIF($M$147:$M$153,"<>0",V$147:V$153) -> 114212.39 | W410: =SUMIF($M$147:$M$153,"<>0",W$147:W$153) -> 11659.22 | X410: =SUMIF($M$147:$M$153,"<>0",X$147:X$153) -> 260189.83 | Y410: =SUMIF($M$147:$M$153,"<>0",Y$147:Y$153) -> 240459.51 | Z410: =SUM(U410:Y410) -> 627131.27 | AA410: =+H410-U410 -> -1831.42 | AB410: =+I410-V410 -> 3719.63 | AC410: =+J410-W410 -> -1109.72 | AD410: =+K410-X410 -> -9610.09 | AE410: =+L410-Y410 -> -20328.69 | AF410: =+M410-Z410 -> -29160.29 | AG410: =IFERROR(AA410/U410,"") -> -3.0007537 | AH410: =IFERROR(AB410/V410,"") -> 0.032567658 | AI410: =IFERROR(AC410/W410,"") -> -0.095179609 | AJ410: =IFERROR(AD410/X410,"") -> -0.036934918 | AK410: =IFERROR(AE410/Y410,"") -> -0.084541011 | AL410: =IFERROR(AF410/Z410,"") -> -0.046497905 | AM410: =SUMIF($E$14:$E$377,$F410,AM$14:AM$377) -> -1221.1 | AN410: =SUMIF($E$14:$E$377,$F410,AN$14:AN$377) -> 23486.96 | AO410: =SUMIF($E$14:$E$377,$F410,AO$14:AO$377) -> 5001.78 | AP410: =SUMIF($E$14:$E$377,$F410,AP$14:AP$377) -> 71632.16 | AQ410: =SUMIF($E$14:$E$377,$F410,AQ$14:AQ$377) -> 63389.71 | AR410: =SUM(AM410:AQ410) -> 162289.51 | AS410: =SUMIF($M$147:$M$153,"<>0",AS$147:AS$153) -> 610.32 | AT410: =SUMIF($M$147:$M$153,"<>0",AT$147:AT$153) -> 23196.21 | AU410: =SUMIF($M$147:$M$153,"<>0",AU$147:AU$153) -> 5615.93 | AV410: =SUMIF($M$147:$M$153,"<>0",AV$147:AV$153) -> 80657.48 | AW410: =SUMIF($M$147:$M$153,"<>0",AW$147:AW$153) -> 73405.81 | AX410: =SUM(AS410:AW410) -> 183485.75 | AY410: =+AM410-AS410 -> -1831.42 | AZ410: =+AN410-AT410 -> 290.75 | BA410: =+AO410-AU410 -> -614.15 | BB410: =+AP410-AV410 -> -9025.32 | BC410: =+AQ410-AW410 -> -10016.1 | BD410: =+AR410-AX410 -> -21196.24 | BE410: =AY410/AS410 -> -3.0007537 | BF410: =AZ410/AT410 -> 0.012534375 | BG410: =BA410/AU410 -> -0.10935856 | BH410: =BB410/AV410 -> -0.11189688 | BI410: =BC410/AW410 -> -0.13644833 | BJ410: =BD410/AX410 -> -0.11551982 | BK410: =IFERROR(AM410/H410,0) -> 1 | BL410: =IFERROR(AN410/I410,0) -> 0.19915677 | BM410: =IFERROR(AO410/J410,0) -> 0.47412484 | BN410: =IFERROR(AP410/K410,0) -> 0.28586573 | BO410: =IFERROR(AQ410/L410,0) -> 0.28796381 | BP410: =IFERROR(AR410/M410,0) -> 0.27140031 | BQ410: =IFERROR(AS410/U410,0) -> 1 | BR410: =IFERROR(AT410/V410,0) -> 0.20309714 | BS410: =IFERROR(AU410/W410,0) -> 0.48167287 | BT410: =IFERROR(AV410/X410,0) -> 0.30999474 | BU410: =IFERROR(AW410/Y410,0) -> 0.30527306 | BV410: =IFERROR(AX410/Z410,0) -> 0.29257949 | BW410: =+BK410-BQ410 -> 0 | BX410: =+BL410-BR410 -> -0.0039403736 | BY410: =+BM410-BS410 -> -0.0075480334 | BZ410: =+BN410-BT410 -> -0.024129016 | CA410: =+BO410-BU410 -> -0.017309247 | CB410: =+BP410-BV410 -> -0.021179183 | CC410: =BW410*10000 -> 0 | CD410: =BX410*10000 -> -39.403736 | CE410: =BY410*10000 -> -75.480334 | CF410: =BZ410*10000 -> -241.29016 | CG410: =CA410*10000 -> -173.09247 | CH410: =CB410*10000 -> -211.79183
F411: Week 21 | H411: =SUMIF($E$14:$E$377,$F411,H$14:H$377) -> -1741.96 | I411: =SUMIF($E$14:$E$377,$F411,I$14:I$377) -> 129738.02 | J411: =SUMIF($E$14:$E$377,$F411,J$14:J$377) -> 7807.24 | K411: =SUMIF($E$14:$E$377,$F411,K$14:K$377) -> 289545.82 | L411: =SUMIF($E$14:$E$377,$F411,L$14:L$377) -> 229013.49 | M411: =SUM(H411:L411) -> 654362.61 | T411: Week 21 | U411: =SUMIF($M$154:$M$160,"<>0",U$154:U$160) -> 559.67 | V411: =SUMIF($M$154:$M$160,"<>0",V$154:V$160) -> 121171.88 | W411: =SUMIF($M$154:$M$160,"<>0",W$154:W$160) -> 5600.08 | X411: =SUMIF($M$154:$M$160,"<>0",X$154:X$160) -> 288027.77 | Y411: =SUMIF($M$154:$M$160,"<>0",Y$154:Y$160) -> 250193.3 | Z411: =SUM(U411:Y411) -> 665552.7 | AA411: =+H411-U411 -> -2301.63 | AB411: =+I411-V411 -> 8566.14 | AC411: =+J411-W411 -> 2207.16 | AD411: =+K411-X411 -> 1518.05 | AE411: =+L411-Y411 -> -21179.81 | AF411: =+M411-Z411 -> -11190.09 | AG411: =IFERROR(AA411/U411,"") -> -4.112477 | AH411: =IFERROR(AB411/V411,"") -> 0.070694125 | AI411: =IFERROR(AC411/W411,"") -> 0.39413008 | AJ411: =IFERROR(AD411/X411,"") -> 0.0052704987 | AK411: =IFERROR(AE411/Y411,"") -> -0.084653786 | AL411: =IFERROR(AF411/Z411,"") -> -0.016813229 | AM411: =SUMIF($E$14:$E$377,$F411,AM$14:AM$377) -> -1741.96 | AN411: =SUMIF($E$14:$E$377,$F411,AN$14:AN$377) -> 25809.6 | AO411: =SUMIF($E$14:$E$377,$F411,AO$14:AO$377) -> 2733.29 | AP411: =SUMIF($E$14:$E$377,$F411,AP$14:AP$377) -> 79968.97 | AQ411: =SUMIF($E$14:$E$377,$F411,AQ$14:AQ$377) -> 66128.08 | AR411: =SUM(AM411:AQ411) -> 172897.98 | AS411: =SUMIF($M$154:$M$160,"<>0",AS$154:AS$160) -> 559.67 | AT411: =SUMIF($M$154:$M$160,"<>0",AT$154:AT$160) -> 24011.1 | AU411: =SUMIF($M$154:$M$160,"<>0",AU$154:AU$160) -> 2331.72 | AV411: =SUMIF($M$154:$M$160,"<>0",AV$154:AV$160) -> 87843.24 | AW411: =SUMIF($M$154:$M$160,"<>0",AW$154:AW$160) -> 75805.74 | AX411: =SUM(AS411:AW411) -> 190551.47 | AY411: =+AM411-AS411 -> -2301.63 | AZ411: =+AN411-AT411 -> 1798.5 | BA411: =+AO411-AU411 -> 401.57 | BB411: =+AP411-AV411 -> -7874.27 | BC411: =+AQ411-AW411 -> -9677.66 | BD411: =+AR411-AX411 -> -17653.49 | BE411: =AY411/AS411 -> -4.112477 | BF411: =AZ411/AT411 -> 0.074902857 | BG411: =BA411/AU411 -> 0.17222051 | BH411: =BB411/AV411 -> -0.089640022 | BI411: =BC411/AW411 -> -0.12766395 | BJ411: =BD411/AX411 -> -0.092644208 | BK411: =IFERROR(AM411/H411,0) -> 1 | BL411: =IFERROR(AN411/I411,0) -> 0.19893629 | BM411: =IFERROR(AO411/J411,0) -> 0.35009683 | BN411: =IFERROR(AP411/K411,0) -> 0.27618762 | BO411: =IFERROR(AQ411/L411,0) -> 0.2887519 | BP411: =IFERROR(AR411/M411,0) -> 0.2642235 | BQ411: =IFERROR(AS411/U411,0) -> 1 | BR411: =IFERROR(AT411/V411,0) -> 0.19815736 | BS411: =IFERROR(AU411/W411,0) -> 0.41637262 | BT411: =IFERROR(AV411/X411,0) -> 0.30498184 | BU411: =IFERROR(AW411/Y411,0) -> 0.30298869 | BV411: =IFERROR(AX411/Z411,0) -> 0.28630561 | BW411: =+BK411-BQ411 -> 0 | BX411: =+BL411-BR411 -> 0.00077892588 | BY411: =+BM411-BS411 -> -0.06627579 | BZ411: =+BN411-BT411 -> -0.028794226 | CA411: =+BO411-BU411 -> -0.014236791 | CB411: =+BP411-BV411 -> -0.022082106 | CC411: =BW411*10000 -> 0 | CD411: =BX411*10000 -> 7.7892588 | CE411: =BY411*10000 -> -662.7579 | CF411: =BZ411*10000 -> -287.94226 | CG411: =CA411*10000 -> -142.36791 | CH411: =CB411*10000 -> -220.82106
F412: Week 22 | H412: =SUMIF($E$14:$E$377,$F412,H$14:H$377) -> -1697.5 | I412: =SUMIF($E$14:$E$377,$F412,I$14:I$377) -> 119971.15 | J412: =SUMIF($E$14:$E$377,$F412,J$14:J$377) -> 8954.96 | K412: =SUMIF($E$14:$E$377,$F412,K$14:K$377) -> 262896.91 | L412: =SUMIF($E$14:$E$377,$F412,L$14:L$377) -> 217867.39 | M412: =SUM(H412:L412) -> 607992.91 | T412: Week 22 | U412: =SUMIF($M$161:$M$167,"<>0",U$161:U$167) -> 617.37 | V412: =SUMIF($M$161:$M$167,"<>0",V$161:V$167) -> 103742.25 | W412: =SUMIF($M$161:$M$167,"<>0",W$161:W$167) -> 6345.44 | X412: =SUMIF($M$161:$M$167,"<>0",X$161:X$167) -> 264249.33 | Y412: =SUMIF($M$161:$M$167,"<>0",Y$161:Y$167) -> 258277.74 | Z412: =SUM(U412:Y412) -> 633232.13 | AA412: =+H412-U412 -> -2314.87 | AB412: =+I412-V412 -> 16228.9 | AC412: =+J412-W412 -> 2609.52 | AD412: =+K412-X412 -> -1352.42 | AE412: =+L412-Y412 -> -40410.35 | AF412: =+M412-Z412 -> -25239.22 | AG412: =IFERROR(AA412/U412,"") -> -3.7495667 | AH412: =IFERROR(AB412/V412,"") -> 0.15643482 | AI412: =IFERROR(AC412/W412,"") -> 0.41124335 | AJ412: =IFERROR(AD412/X412,"") -> -0.0051179695 | AK412: =IFERROR(AE412/Y412,"") -> -0.15646083 | AL412: =IFERROR(AF412/Z412,"") -> -0.039857769 | AM412: =SUMIF($E$14:$E$377,$F412,AM$14:AM$377) -> -1697.5 | AN412: =SUMIF($E$14:$E$377,$F412,AN$14:AN$377) -> 23761.6 | AO412: =SUMIF($E$14:$E$377,$F412,AO$14:AO$377) -> 3787.81 | AP412: =SUMIF($E$14:$E$377,$F412,AP$14:AP$377) -> 71321.46 | AQ412: =SUMIF($E$14:$E$377,$F412,AQ$14:AQ$377) -> 61066.95 | AR412: =SUM(AM412:AQ412) -> 158240.32 | AS412: =SUMIF($M$161:$M$167,"<>0",AS$161:AS$167) -> 617.37 | AT412: =SUMIF($M$161:$M$167,"<>0",AT$161:AT$167) -> 20986.44 | AU412: =SUMIF($M$161:$M$167,"<>0",AU$161:AU$167) -> 2823.08 | AV412: =SUMIF($M$161:$M$167,"<>0",AV$161:AV$167) -> 82469.82 | AW412: =SUMIF($M$161:$M$167,"<>0",AW$161:AW$167) -> 75900.27 | AX412: =SUM(AS412:AW412) -> 182796.98 | AY412: =+AM412-AS412 -> -2314.87 | AZ412: =+AN412-AT412 -> 2775.16 | BA412: =+AO412-AU412 -> 964.73 | BB412: =+AP412-AV412 -> -11148.36 | BC412: =+AQ412-AW412 -> -14833.32 | BD412: =+AR412-AX412 -> -24556.66 | BE412: =AY412/AS412 -> -3.7495667 | BF412: =AZ412/AT412 -> 0.13223586 | BG412: =BA412/AU412 -> 0.3417296 | BH412: =BB412/AV412 -> -0.13518109 | BI412: =BC412/AW412 -> -0.19543172 | BJ412: =BD412/AX412 -> -0.13433843 | BK412: =IFERROR(AM412/H412,0) -> 1 | BL412: =IFERROR(AN412/I412,0) -> 0.19806095 | BM412: =IFERROR(AO412/J412,0) -> 0.42298458 | BN412: =IFERROR(AP412/K412,0) -> 0.2712906 | BO412: =IFERROR(AQ412/L412,0) -> 0.28029413 | BP412: =IFERROR(AR412/M412,0) -> 0.26026672 | BQ412: =IFERROR(AS412/U412,0) -> 1 | BR412: =IFERROR(AT412/V412,0) -> 0.20229405 | BS412: =IFERROR(AU412/W412,0) -> 0.44489901 | BT412: =IFERROR(AV412/X412,0) -> 0.31209093 | BU412: =IFERROR(AW412/Y412,0) -> 0.29387074 | BV412: =IFERROR(AX412/Z412,0) -> 0.28867294 | BW412: =+BK412-BQ412 -> 0 | BX412: =+BL412-BR412 -> -0.0042331004 | BY412: =+BM412-BS412 -> -0.021914433 | BZ412: =+BN412-BT412 -> -0.040800335 | CA412: =+BO412-BU412 -> -0.01357661 | CB412: =+BP412-BV412 -> -0.02840622 | CC412: =BW412*10000 -> 0 | CD412: =BX412*10000 -> -42.331004 | CE412: =BY412*10000 -> -219.14433 | CF412: =BZ412*10000 -> -408.00335 | CG412: =CA412*10000 -> -135.7661 | CH412: =CB412*10000 -> -284.0622
A413: FY26 | B413: FY26 | C413: 05 May | D413: 05 May | F413: Fiscal May | H413: =SUM(H408:H412) -> -4654.15 | I413: =SUM(I408:I412) -> 569624.38 | J413: =SUM(J408:J412) -> 45074.24 | K413: =SUM(K408:K412) -> 1334612.5 | L413: =SUM(L408:L412) -> 1117126.8 | M413: =SUM(H413:L413) -> 3061783.8 | N413: FY25 | O413: FY25 | P413: 05 May | Q413: 05 May | T413: Fiscal May | U413: =SUM(U408:U412) -> -4663.82 | V413: =SUM(V408:V412) -> 556215.04 | W413: =SUM(W408:W412) -> 38640.21 | X413: =SUM(X408:X412) -> 1373648.9 | Y413: =SUM(Y408:Y412) -> 1250943.6 | Z413: =SUM(U413:Y413) -> 3214784 | AA413: =+H413-U413 -> 9.67 | AB413: =+I413-V413 -> 13409.34 | AC413: =+J413-W413 -> 6434.03 | AD413: =+K413-X413 -> -39036.4 | AE413: =+L413-Y413 -> -133816.76 | AF413: =+M413-Z413 -> -153000.12 | AG413: =IFERROR(AA413/U413,"") -> -0.0020734076 | AH413: =IFERROR(AB413/V413,"") -> 0.024108194 | AI413: =IFERROR(AC413/W413,"") -> 0.16651126 | AJ413: =IFERROR(AD413/X413,"") -> -0.028418033 | AK413: =IFERROR(AE413/Y413,"") -> -0.10697266 | AL413: =IFERROR(AF413/Z413,"") -> -0.04759266 | AM413: =SUM(AM408:AM412) -> -3018.15 | AN413: =SUM(AN408:AN412) -> 113483.2 | AO413: =SUM(AO408:AO412) -> 19022.22 | AP413: =SUM(AP408:AP412) -> 374690.32 | AQ413: =SUM(AQ408:AQ412) -> 323148.74 | AR413: =SUM(AM413:AQ413) -> 827326.33 | AS413: =SUM(AS408:AS412) -> -5093.94 | AT413: =SUM(AT408:AT412) -> 111949.66 | AU413: =SUM(AU408:AU412) -> 17754.04 | AV413: =SUM(AV408:AV412) -> 425733.61 | AW413: =SUM(AW408:AW412) -> 379166.22 | AX413: =SUM(AS413:AW413) -> 929509.59 | AY413: =+AM413-AS413 -> 2075.79 | AZ413: =+AN413-AT413 -> 1533.54 | BA413: =+AO413-AU413 -> 1268.18 | BB413: =+AP413-AV413 -> -51043.29 | BC413: =+AQ413-AW413 -> -56017.48 | BD413: =+AR413-AX413 -> -102183.26 | BE413: =AY413/AS413 -> -0.40750186 | BF413: =AZ413/AT413 -> 0.013698478 | BG413: =BA413/AU413 -> 0.071430503 | BH413: =BB413/AV413 -> -0.1198949 | BI413: =BC413/AW413 -> -0.14773858 | BJ413: =BD413/AX413 -> -0.10993244 | BK413: =IFERROR(AM413/H413,0) -> 0.64848576 | BL413: =IFERROR(AN413/I413,0) -> 0.19922462 | BM413: =IFERROR(AO413/J413,0) -> 0.42201976 | BN413: =IFERROR(AP413/K413,0) -> 0.28074839 | BO413: =IFERROR(AQ413/L413,0) -> 0.28926773 | BP413: =IFERROR(AR413/M413,0) -> 0.27021056 | BQ413: =IFERROR(AS413/U413,0) -> 1.0922248 | BR413: =IFERROR(AT413/V413,0) -> 0.20127047 | BS413: =IFERROR(AU413/W413,0) -> 0.45947059 | BT413: =IFERROR(AV413/X413,0) -> 0.30992898 | BU413: =IFERROR(AW413/Y413,0) -> 0.30310417 | BV413: =IFERROR(AX413/Z413,0) -> 0.28913594 | BW413: =+BK413-BQ413 -> -0.44373907 | BX413: =+BL413-BR413 -> -0.0020458466 | BY413: =+BM413-BS413 -> -0.037450827 | BZ413: =+BN413-BT413 -> -0.029180588 | CA413: =+BO413-BU413 -> -0.013836443 | CB413: =+BP413-BV413 -> -0.018925381 | CC413: =BW413*10000 -> -4437.3907 | CD413: =BX413*10000 -> -20.458466 | CE413: =BY413*10000 -> -374.50827 | CF413: =BZ413*10000 -> -291.80588 | CG413: =CA413*10000 -> -138.36443 | CH413: =CB413*10000 -> -189.25381
A414: FY26 | B414: FY26 | C414: 05 May | D414: 05 May | F414: Calendar May | H414: =SUMIFS(H$7:H$377,$B$7:$B$377,$B414,$D$7:$D$377,$D414) -> -5188.04 | I414: =SUMIFS(I$7:I$377,$B$7:$B$377,$B414,$D$7:$D$377,$D414) -> 521076 | J414: =SUMIFS(J$7:J$377,$B$7:$B$377,$B414,$D$7:$D$377,$D414) -> 41495.82 | K414: =SUMIFS(K$7:K$377,$B$7:$B$377,$B414,$D$7:$D$377,$D414) -> 1201949.9 | L414: =SUMIFS(L$7:L$377,$B$7:$B$377,$B414,$D$7:$D$377,$D414) -> 993122.93 | M414: =SUM(H414:L414) -> 2752456.7 | N414: FY25 | O414: FY25 | P414: 05 May | Q414: 05 May | T414: Calendar May | U414: =SUMIFS(U$7:U$377,$M$7:$M$377,"<>0",$O$7:$O$377,$O414,$Q$7:$Q$377,$Q414) -> -2343.23 | V414: =SUMIFS(V$7:V$377,$M$7:$M$377,"<>0",$O$7:$O$377,$O414,$Q$7:$Q$377,$Q414) -> 511406.98 | W414: =SUMIFS(W$7:W$377,$M$7:$M$377,"<>0",$O$7:$O$377,$O414,$Q$7:$Q$377,$Q414) -> 36437.2 | X414: =SUMIFS(X$7:X$377,$M$7:$M$377,"<>0",$O$7:$O$377,$O414,$Q$7:$Q$377,$Q414) -> 1253536.1 | Y414: =SUMIFS(Y$7:Y$377,$M$7:$M$377,"<>0",$O$7:$O$377,$O414,$Q$7:$Q$377,$Q414) -> 1120425.2 | Z414: =SUM(U414:Y414) -> 2919462.2 | AA414: =+H414-U414 -> -2844.81 | AB414: =+I414-V414 -> 9669.02 | AC414: =+J414-W414 -> 5058.62 | AD414: =+K414-X414 -> -51586.13 | AE414: =+L414-Y414 -> -127302.25 | AF414: =+M414-Z414 -> -167005.55 | AG414: =IFERROR(AA414/U414,"") -> 1.214055 | AH414: =IFERROR(AB414/V414,"") -> 0.018906703 | AI414: =IFERROR(AC414/W414,"") -> 0.13883119 | AJ414: =IFERROR(AD414/X414,"") -> -0.04115249 | AK414: =IFERROR(AE414/Y414,"") -> -0.11361959 | AL414: =IFERROR(AF414/Z414,"") -> -0.057204217 | AM414: =SUMIFS(AM$7:AM$377,$B$7:$B$377,$B414,$D$7:$D$377,$D414) -> -3552.04 | AN414: =SUMIFS(AN$7:AN$377,$B$7:$B$377,$B414,$D$7:$D$377,$D414) -> 104074.15 | AO414: =SUMIFS(AO$7:AO$377,$B$7:$B$377,$B414,$D$7:$D$377,$D414) -> 17673.46 | AP414: =SUMIFS(AP$7:AP$377,$B$7:$B$377,$B414,$D$7:$D$377,$D414) -> 335230.91 | AQ414: =SUMIFS(AQ$7:AQ$377,$B$7:$B$377,$B414,$D$7:$D$377,$D414) -> 286044.88 | AR414: =SUM(AM414:AQ414) -> 739471.36 | AS414: =SUMIFS(AS$7:AS$377,$M$7:$M$377,"<>0",$O$7:$O$377,$O414,$Q$7:$Q$377,$Q414) -> -2773.35 | AT414: =SUMIFS(AT$7:AT$377,$M$7:$M$377,"<>0",$O$7:$O$377,$O414,$Q$7:$Q$377,$Q414) -> 103150.24 | AU414: =SUMIFS(AU$7:AU$377,$M$7:$M$377,"<>0",$O$7:$O$377,$O414,$Q$7:$Q$377,$Q414) -> 16744.05 | AV414: =SUMIFS(AV$7:AV$377,$M$7:$M$377,"<>0",$O$7:$O$377,$O414,$Q$7:$Q$377,$Q414) -> 388033.99 | AW414: =SUMIFS(AW$7:AW$377,$M$7:$M$377,"<>0",$O$7:$O$377,$O414,$Q$7:$Q$377,$Q414) -> 339547.56 | AX414: =SUM(AS414:AW414) -> 844702.49 | AY414: =+AM414-AS414 -> -778.69 | AZ414: =+AN414-AT414 -> 923.91 | BA414: =+AO414-AU414 -> 929.41 | BB414: =+AP414-AV414 -> -52803.08 | BC414: =+AQ414-AW414 -> -53502.68 | BD414: =+AR414-AX414 -> -105231.13 | BE414: =AY414/AS414 -> 0.28077596 | BF414: =AZ414/AT414 -> 0.008956935 | BG414: =BA414/AU414 -> 0.055506882 | BH414: =BB414/AV414 -> -0.13607849 | BI414: =BC414/AW414 -> -0.1575705 | BJ414: =BD414/AX414 -> -0.12457774 | BK414: =IFERROR(AM414/H414,0) -> 0.68465933 | BL414: =IFERROR(AN414/I414,0) -> 0.19972931 | BM414: =IFERROR(AO414/J414,0) -> 0.4259094 | BN414: =IFERROR(AP414/K414,0) -> 0.27890588 | BO414: =IFERROR(AQ414/L414,0) -> 0.28802565 | BP414: =IFERROR(AR414/M414,0) -> 0.26865868 | BQ414: =IFERROR(AS414/U414,0) -> 1.1835586 | BR414: =IFERROR(AT414/V414,0) -> 0.20169893 | BS414: =IFERROR(AU414/W414,0) -> 0.45953174 | BT414: =IFERROR(AV414/X414,0) -> 0.30955152 | BU414: =IFERROR(AW414/Y414,0) -> 0.30305242 | BV414: =IFERROR(AX414/Z414,0) -> 0.28933496 | BW414: =+BK414-BQ414 -> -0.49889926 | BX414: =+BL414-BR414 -> -0.0019696186 | BY414: =+BM414-BS414 -> -0.033622337 | BZ414: =+BN414-BT414 -> -0.030645632 | CA414: =+BO414-BU414 -> -0.015026765 | CB414: =+BP414-BV414 -> -0.020676288 | CC414: =BW414*10000 -> -4988.9926 | CD414: =BX414*10000 -> -19.696186 | CE414: =BY414*10000 -> -336.22337 | CF414: =BZ414*10000 -> -306.45632 | CG414: =CA414*10000 -> -150.26765 | CH414: =CB414*10000 -> -206.76288
F416: Week 23 | H416: =SUMIF($E$14:$E$377,$F416,H$14:H$377) -> -982.17 | I416: =SUMIF($E$14:$E$377,$F416,I$14:I$377) -> 124652.02 | J416: =SUMIF($E$14:$E$377,$F416,J$14:J$377) -> 10465.7 | K416: =SUMIF($E$14:$E$377,$F416,K$14:K$377) -> 269207.63 | L416: =SUMIF($E$14:$E$377,$F416,L$14:L$377) -> 229306.28 | M416: =SUM(H416:L416) -> 632649.46 | T416: Week 23 | U416: =SUMIF($M$168:$M$174,"<>0",U$168:U$174) -> 603.06 | V416: =SUMIF($M$168:$M$174,"<>0",V$168:V$174) -> 113453.87 | W416: =SUMIF($M$168:$M$174,"<>0",W$168:W$174) -> 9478.71 | X416: =SUMIF($M$168:$M$174,"<>0",X$168:X$174) -> 265150.44 | Y416: =SUMIF($M$168:$M$174,"<>0",Y$168:Y$174) -> 236235.98 | Z416: =SUM(U416:Y416) -> 624922.06 | AA416: =+H416-U416 -> -1585.23 | AB416: =+I416-V416 -> 11198.15 | AC416: =+J416-W416 -> 986.99 | AD416: =+K416-X416 -> 4057.19 | AE416: =+L416-Y416 -> -6929.7 | AF416: =+M416-Z416 -> 7727.4 | AG416: =IFERROR(AA416/U416,"") -> -2.6286439 | AH416: =IFERROR(AB416/V416,"") -> 0.09870223 | AI416: =IFERROR(AC416/W416,"") -> 0.10412704 | AJ416: =IFERROR(AD416/X416,"") -> 0.015301464 | AK416: =IFERROR(AE416/Y416,"") -> -0.029333804 | AL416: =IFERROR(AF416/Z416,"") -> 0.012365382 | AM416: =SUMIF($E$14:$E$377,$F416,AM$14:AM$377) -> -982.17 | AN416: =SUMIF($E$14:$E$377,$F416,AN$14:AN$377) -> 25612.36 | AO416: =SUMIF($E$14:$E$377,$F416,AO$14:AO$377) -> 4748.08 | AP416: =SUMIF($E$14:$E$377,$F416,AP$14:AP$377) -> 71319.76 | AQ416: =SUMIF($E$14:$E$377,$F416,AQ$14:AQ$377) -> 64443.68 | AR416: =SUM(AM416:AQ416) -> 165141.71 | AS416: =SUMIF($M$168:$M$174,"<>0",AS$168:AS$174) -> 663.08 | AT416: =SUMIF($M$168:$M$174,"<>0",AT$168:AT$174) -> 23134.04 | AU416: =SUMIF($M$168:$M$174,"<>0",AU$168:AU$174) -> 4272.83 | AV416: =SUMIF($M$168:$M$174,"<>0",AV$168:AV$174) -> 82075.57 | AW416: =SUMIF($M$168:$M$174,"<>0",AW$168:AW$174) -> 72066.03 | AX416: =SUM(AS416:AW416) -> 182211.55 | AY416: =+AM416-AS416 -> -1645.25 | AZ416: =+AN416-AT416 -> 2478.32 | BA416: =+AO416-AU416 -> 475.25 | BB416: =+AP416-AV416 -> -10755.81 | BC416: =+AQ416-AW416 -> -7622.35 | BD416: =+AR416-AX416 -> -17069.84 | BE416: =AY416/AS416 -> -2.481224 | BF416: =AZ416/AT416 -> 0.10712872 | BG416: =BA416/AU416 -> 0.11122605 | BH416: =BB416/AV416 -> -0.13104764 | BI416: =BC416/AW416 -> -0.10576897 | BJ416: =BD416/AX416 -> -0.093681438 | BK416: =IFERROR(AM416/H416,0) -> 1 | BL416: =IFERROR(AN416/I416,0) -> 0.20547088 | BM416: =IFERROR(AO416/J416,0) -> 0.45368012 | BN416: =IFERROR(AP416/K416,0) -> 0.26492473 | BO416: =IFERROR(AQ416/L416,0) -> 0.28103757 | BP416: =IFERROR(AR416/M416,0) -> 0.26103193 | BQ416: =IFERROR(AS416/U416,0) -> 1.0995258 | BR416: =IFERROR(AT416/V416,0) -> 0.20390702 | BS416: =IFERROR(AU416/W416,0) -> 0.4507818 | BT416: =IFERROR(AV416/X416,0) -> 0.3095434 | BU416: =IFERROR(AW416/Y416,0) -> 0.3050595 | BV416: =IFERROR(AX416/Z416,0) -> 0.29157484 | BW416: =+BK416-BQ416 -> -0.099525752 | BX416: =+BL416-BR416 -> 0.0015638628 | BY416: =+BM416-BS416 -> 0.0028983123 | BZ416: =+BN416-BT416 -> -0.04461867 | CA416: =+BO416-BU416 -> -0.024021929 | CB416: =+BP416-BV416 -> -0.03054291 | CC416: =BW416*10000 -> -995.25752 | CD416: =BX416*10000 -> 15.638628 | CE416: =BY416*10000 -> 28.983123 | CF416: =BZ416*10000 -> -446.1867 | CG416: =CA416*10000 -> -240.21929 | CH416: =CB416*10000 -> -305.4291
F417: Week 24 | H417: =SUMIF($E$14:$E$377,$F417,H$14:H$377) -> 330.52 | I417: =SUMIF($E$14:$E$377,$F417,I$14:I$377) -> 126818 | J417: =SUMIF($E$14:$E$377,$F417,J$14:J$377) -> 7899.74 | K417: =SUMIF($E$14:$E$377,$F417,K$14:K$377) -> 269606.13 | L417: =SUMIF($E$14:$E$377,$F417,L$14:L$377) -> 236225.42 | M417: =SUM(H417:L417) -> 640879.81 | T417: Week 24 | U417: =SUMIF($M$175:$M$181,"<>0",U$175:U$181) -> 515.85 | V417: =SUMIF($M$175:$M$181,"<>0",V$175:V$181) -> 127628.55 | W417: =SUMIF($M$175:$M$181,"<>0",W$175:W$181) -> 6889.9 | X417: =SUMIF($M$175:$M$181,"<>0",X$175:X$181) -> 311977.55 | Y417: =SUMIF($M$175:$M$181,"<>0",Y$175:Y$181) -> 273856.38 | Z417: =SUM(U417:Y417) -> 720868.23 | AA417: =+H417-U417 -> -185.33 | AB417: =+I417-V417 -> -810.55 | AC417: =+J417-W417 -> 1009.84 | AD417: =+K417-X417 -> -42371.42 | AE417: =+L417-Y417 -> -37630.96 | AF417: =+M417-Z417 -> -79988.42 | AG417: =IFERROR(AA417/U417,"") -> -0.35927111 | AH417: =IFERROR(AB417/V417,"") -> -0.0063508517 | AI417: =IFERROR(AC417/W417,"") -> 0.14656816 | AJ417: =IFERROR(AD417/X417,"") -> -0.13581561 | AK417: =IFERROR(AE417/Y417,"") -> -0.1374113 | AL417: =IFERROR(AF417/Z417,"") -> -0.11096122 | AM417: =SUMIF($E$14:$E$377,$F417,AM$14:AM$377) -> 330.52 | AN417: =SUMIF($E$14:$E$377,$F417,AN$14:AN$377) -> 25422.76 | AO417: =SUMIF($E$14:$E$377,$F417,AO$14:AO$377) -> 2933.91 | AP417: =SUMIF($E$14:$E$377,$F417,AP$14:AP$377) -> 71113.34 | AQ417: =SUMIF($E$14:$E$377,$F417,AQ$14:AQ$377) -> 64110.09 | AR417: =SUM(AM417:AQ417) -> 163910.62 | AS417: =SUMIF($M$175:$M$181,"<>0",AS$175:AS$181) -> 515.85 | AT417: =SUMIF($M$175:$M$181,"<>0",AT$175:AT$181) -> 25787.98 | AU417: =SUMIF($M$175:$M$181,"<>0",AU$175:AU$181) -> 2827.11 | AV417: =SUMIF($M$175:$M$181,"<>0",AV$175:AV$181) -> 96229.43 | AW417: =SUMIF($M$175:$M$181,"<>0",AW$175:AW$181) -> 80333.89 | AX417: =SUM(AS417:AW417) -> 205694.26 | AY417: =+AM417-AS417 -> -185.33 | AZ417: =+AN417-AT417 -> -365.22 | BA417: =+AO417-AU417 -> 106.8 | BB417: =+AP417-AV417 -> -25116.09 | BC417: =+AQ417-AW417 -> -16223.8 | BD417: =+AR417-AX417 -> -41783.64 | BE417: =AY417/AS417 -> -0.35927111 | BF417: =AZ417/AT417 -> -0.014162412 | BG417: =BA417/AU417 -> 0.037777094 | BH417: =BB417/AV417 -> -0.26100217 | BI417: =BC417/AW417 -> -0.20195462 | BJ417: =BD417/AX417 -> -0.20313469 | BK417: =IFERROR(AM417/H417,0) -> 1 | BL417: =IFERROR(AN417/I417,0) -> 0.2004665 | BM417: =IFERROR(AO417/J417,0) -> 0.37139324 | BN417: =IFERROR(AP417/K417,0) -> 0.26376752 | BO417: =IFERROR(AQ417/L417,0) -> 0.2713937 | BP417: =IFERROR(AR417/M417,0) -> 0.25575875 | BQ417: =IFERROR(AS417/U417,0) -> 1 | BR417: =IFERROR(AT417/V417,0) -> 0.20205495 | BS417: =IFERROR(AU417/W417,0) -> 0.41032671 | BT417: =IFERROR(AV417/X417,0) -> 0.30844985 | BU417: =IFERROR(AW417/Y417,0) -> 0.29334314 | BV417: =IFERROR(AX417/Z417,0) -> 0.28534238 | BW417: =+BK417-BQ417 -> 0 | BX417: =+BL417-BR417 -> -0.0015884524 | BY417: =+BM417-BS417 -> -0.038933474 | BZ417: =+BN417-BT417 -> -0.044682336 | CA417: =+BO417-BU417 -> -0.021949442 | CB417: =+BP417-BV417 -> -0.029583634 | CC417: =BW417*10000 -> 0 | CD417: =BX417*10000 -> -15.884524 | CE417: =BY417*10000 -> -389.33474 | CF417: =BZ417*10000 -> -446.82336 | CG417: =CA417*10000 -> -219.49442 | CH417: =CB417*10000 -> -295.83634
F418: Week 25 | H418: =SUMIF($E$14:$E$377,$F418,H$14:H$377) -> 373.14 | I418: =SUMIF($E$14:$E$377,$F418,I$14:I$377) -> 136521.76 | J418: =SUMIF($E$14:$E$377,$F418,J$14:J$377) -> 11089 | K418: =SUMIF($E$14:$E$377,$F418,K$14:K$377) -> 330238.22 | L418: =SUMIF($E$14:$E$377,$F418,L$14:L$377) -> 245211.24 | M418: =SUM(H418:L418) -> 723433.36 | T418: Week 25 | U418: =SUMIF($M$182:$M$188,"<>0",U$182:U$188) -> -9750.44 | V418: =SUMIF($M$182:$M$188,"<>0",V$182:V$188) -> 131931.29 | W418: =SUMIF($M$182:$M$188,"<>0",W$182:W$188) -> 8512.86 | X418: =SUMIF($M$182:$M$188,"<>0",X$182:X$188) -> 307977.3 | Y418: =SUMIF($M$182:$M$188,"<>0",Y$182:Y$188) -> 250942.37 | Z418: =SUM(U418:Y418) -> 689613.38 | AA418: =+H418-U418 -> 10123.58 | AB418: =+I418-V418 -> 4590.47 | AC418: =+J418-W418 -> 2576.14 | AD418: =+K418-X418 -> 22260.92 | AE418: =+L418-Y418 -> -5731.13 | AF418: =+M418-Z418 -> 33819.98 | AG418: =IFERROR(AA418/U418,"") -> -1.038269 | AH418: =IFERROR(AB418/V418,"") -> 0.034794399 | AI418: =IFERROR(AC418/W418,"") -> 0.30261745 | AJ418: =IFERROR(AD418/X418,"") -> 0.072281041 | AK418: =IFERROR(AE418/Y418,"") -> -0.022838431 | AL418: =IFERROR(AF418/Z418,"") -> 0.049041943 | AM418: =SUMIF($E$14:$E$377,$F418,AM$14:AM$377) -> 373.14 | AN418: =SUMIF($E$14:$E$377,$F418,AN$14:AN$377) -> 27369.23 | AO418: =SUMIF($E$14:$E$377,$F418,AO$14:AO$377) -> 4507.89 | AP418: =SUMIF($E$14:$E$377,$F418,AP$14:AP$377) -> 89355.33 | AQ418: =SUMIF($E$14:$E$377,$F418,AQ$14:AQ$377) -> 67137.3 | AR418: =SUM(AM418:AQ418) -> 188742.89 | AS418: =SUMIF($M$182:$M$188,"<>0",AS$182:AS$188) -> -9750.44 | AT418: =SUMIF($M$182:$M$188,"<>0",AT$182:AT$188) -> 26858.2 | AU418: =SUMIF($M$182:$M$188,"<>0",AU$182:AU$188) -> 3826.73 | AV418: =SUMIF($M$182:$M$188,"<>0",AV$182:AV$188) -> 93252.63 | AW418: =SUMIF($M$182:$M$188,"<>0",AW$182:AW$188) -> 76829.37 | AX418: =SUM(AS418:AW418) -> 191016.49 | AY418: =+AM418-AS418 -> 10123.58 | AZ418: =+AN418-AT418 -> 511.03 | BA418: =+AO418-AU418 -> 681.16 | BB418: =+AP418-AV418 -> -3897.3 | BC418: =+AQ418-AW418 -> -9692.07 | BD418: =+AR418-AX418 -> -2273.6 | BE418: =AY418/AS418 -> -1.038269 | BF418: =AZ418/AT418 -> 0.019026964 | BG418: =BA418/AU418 -> 0.17800054 | BH418: =BB418/AV418 -> -0.041792923 | BI418: =BC418/AW418 -> -0.12615059 | BJ418: =BD418/AX418 -> -0.011902637 | BK418: =IFERROR(AM418/H418,0) -> 1 | BL418: =IFERROR(AN418/I418,0) -> 0.20047522 | BM418: =IFERROR(AO418/J418,0) -> 0.40651907 | BN418: =IFERROR(AP418/K418,0) -> 0.2705784 | BO418: =IFERROR(AQ418/L418,0) -> 0.27379373 | BP418: =IFERROR(AR418/M418,0) -> 0.26089879 | BQ418: =IFERROR(AS418/U418,0) -> 1 | BR418: =IFERROR(AT418/V418,0) -> 0.20357718 | BS418: =IFERROR(AU418/W418,0) -> 0.44952343 | BT418: =IFERROR(AV418/X418,0) -> 0.3027906 | BU418: =IFERROR(AW418/Y418,0) -> 0.3061634 | BV418: =IFERROR(AX418/Z418,0) -> 0.2769907 | BW418: =+BK418-BQ418 -> 0 | BX418: =+BL418-BR418 -> -0.0031019593 | BY418: =+BM418-BS418 -> -0.043004354 | BZ418: =+BN418-BT418 -> -0.032212193 | CA418: =+BO418-BU418 -> -0.032369673 | CB418: =+BP418-BV418 -> -0.016091903 | CC418: =BW418*10000 -> 0 | CD418: =BX418*10000 -> -31.019593 | CE418: =BY418*10000 -> -430.04354 | CF418: =BZ418*10000 -> -322.12193 | CG418: =CA418*10000 -> -323.69673 | CH418: =CB418*10000 -> -160.91903
F419: Week 26 | H419: =SUMIF($E$14:$E$377,$F419,H$14:H$377) -> 1346.56 | I419: =SUMIF($E$14:$E$377,$F419,I$14:I$377) -> 127294.56 | J419: =SUMIF($E$14:$E$377,$F419,J$14:J$377) -> 8688 | K419: =SUMIF($E$14:$E$377,$F419,K$14:K$377) -> 297202.91 | L419: =SUMIF($E$14:$E$377,$F419,L$14:L$377) -> 243957.02 | M419: =SUM(H419:L419) -> 678489.05 | T419: Week 26 | U419: =SUMIF($M$189:$M$195,"<>0",U$189:U$195) -> -17960.59 | V419: =SUMIF($M$189:$M$195,"<>0",V$189:V$195) -> 142829.63 | W419: =SUMIF($M$189:$M$195,"<>0",W$189:W$195) -> 8869.41 | X419: =SUMIF($M$189:$M$195,"<>0",X$189:X$195) -> 326608.11 | Y419: =SUMIF($M$189:$M$195,"<>0",Y$189:Y$195) -> 288243.06 | Z419: =SUM(U419:Y419) -> 748589.62 | AA419: =+H419-U419 -> 19307.15 | AB419: =+I419-V419 -> -15535.07 | AC419: =+J419-W419 -> -181.41 | AD419: =+K419-X419 -> -29405.2 | AE419: =+L419-Y419 -> -44286.04 | AF419: =+M419-Z419 -> -70100.57 | AG419: =IFERROR(AA419/U419,"") -> -1.074973 | AH419: =IFERROR(AB419/V419,"") -> -0.10876644 | AI419: =IFERROR(AC419/W419,"") -> -0.020453446 | AJ419: =IFERROR(AD419/X419,"") -> -0.090032057 | AK419: =IFERROR(AE419/Y419,"") -> -0.15364131 | AL419: =IFERROR(AF419/Z419,"") -> -0.093643524 | AM419: =SUMIF($E$14:$E$377,$F419,AM$14:AM$377) -> 1346.56 | AN419: =SUMIF($E$14:$E$377,$F419,AN$14:AN$377) -> 25536.38 | AO419: =SUMIF($E$14:$E$377,$F419,AO$14:AO$377) -> 3695.5 | AP419: =SUMIF($E$14:$E$377,$F419,AP$14:AP$377) -> 75777.4 | AQ419: =SUMIF($E$14:$E$377,$F419,AQ$14:AQ$377) -> 66488.13 | AR419: =SUM(AM419:AQ419) -> 172843.97 | AS419: =SUMIF($M$189:$M$195,"<>0",AS$189:AS$195) -> -17960.59 | AT419: =SUMIF($M$189:$M$195,"<>0",AT$189:AT$195) -> 29517.08 | AU419: =SUMIF($M$189:$M$195,"<>0",AU$189:AU$195) -> 3841.86 | AV419: =SUMIF($M$189:$M$195,"<>0",AV$189:AV$195) -> 99985.84 | AW419: =SUMIF($M$189:$M$195,"<>0",AW$189:AW$195) -> 88604.78 | AX419: =SUM(AS419:AW419) -> 203988.97 | AY419: =+AM419-AS419 -> 19307.15 | AZ419: =+AN419-AT419 -> -3980.7 | BA419: =+AO419-AU419 -> -146.36 | BB419: =+AP419-AV419 -> -24208.44 | BC419: =+AQ419-AW419 -> -22116.65 | BD419: =+AR419-AX419 -> -31145 | BE419: =AY419/AS419 -> -1.074973 | BF419: =AZ419/AT419 -> -0.1348609 | BG419: =BA419/AU419 -> -0.038096131 | BH419: =BB419/AV419 -> -0.24211868 | BI419: =BC419/AW419 -> -0.24961012 | BJ419: =BD419/AX419 -> -0.15267982 | BK419: =IFERROR(AM419/H419,0) -> 1 | BL419: =IFERROR(AN419/I419,0) -> 0.20060857 | BM419: =IFERROR(AO419/J419,0) -> 0.42535681 | BN419: =IFERROR(AP419/K419,0) -> 0.25496857 | BO419: =IFERROR(AQ419/L419,0) -> 0.27254034 | BP419: =IFERROR(AR419/M419,0) -> 0.25474836 | BQ419: =IFERROR(AS419/U419,0) -> 1 | BR419: =IFERROR(AT419/V419,0) -> 0.20665936 | BS419: =IFERROR(AU419/W419,0) -> 0.43315846 | BT419: =IFERROR(AV419/X419,0) -> 0.30613398 | BU419: =IFERROR(AW419/Y419,0) -> 0.30739606 | BV419: =IFERROR(AX419/Z419,0) -> 0.27249773 | BW419: =+BK419-BQ419 -> 0 | BX419: =+BL419-BR419 -> -0.0060507878 | BY419: =+BM419-BS419 -> -0.0078016486 | BZ419: =+BN419-BT419 -> -0.051165411 | CA419: =+BO419-BU419 -> -0.034855713 | CB419: =+BP419-BV419 -> -0.017749371 | CC419: =BW419*10000 -> 0 | CD419: =BX419*10000 -> -60.507878 | CE419: =BY419*10000 -> -78.016486 | CF419: =BZ419*10000 -> -511.65411 | CG419: =CA419*10000 -> -348.55713 | CH419: =CB419*10000 -> -177.49371
A420: FY26 | B420: FY26 | C420: 06 Jun | D420: 06 Jun | F420: Fiscal Jun | H420: =SUM(H416:H419) -> 1068.05 | I420: =SUM(I416:I419) -> 515286.34 | J420: =SUM(J416:J419) -> 38142.44 | K420: =SUM(K416:K419) -> 1166254.9 | L420: =SUM(L416:L419) -> 954699.96 | M420: =SUM(H420:L420) -> 2675451.7 | N420: FY25 | O420: FY25 | P420: 06 Jun | Q420: 06 Jun | T420: Fiscal Jun | U420: =SUM(U416:U419) -> -26592.12 | V420: =SUM(V416:V419) -> 515843.34 | W420: =SUM(W416:W419) -> 33750.88 | X420: =SUM(X416:X419) -> 1211713.4 | Y420: =SUM(Y416:Y419) -> 1049277.8 | Z420: =SUM(U420:Y420) -> 2783993.3 | AA420: =+H420-U420 -> 27660.17 | AB420: =+I420-V420 -> -557 | AC420: =+J420-W420 -> 4391.56 | AD420: =+K420-X420 -> -45458.51 | AE420: =+L420-Y420 -> -94577.83 | AF420: =+M420-Z420 -> -108541.61 | AG420: =IFERROR(AA420/U420,"") -> -1.0401642 | AH420: =IFERROR(AB420/V420,"") -> -0.0010797852 | AI420: =IFERROR(AC420/W420,"") -> 0.1301169 | AJ420: =IFERROR(AD420/X420,"") -> -0.037515893 | AK420: =IFERROR(AE420/Y420,"") -> -0.090136121 | AL420: =IFERROR(AF420/Z420,"") -> -0.038987741 | AM420: =SUM(AM416:AM419) -> 1068.05 | AN420: =SUM(AN416:AN419) -> 103940.73 | AO420: =SUM(AO416:AO419) -> 15885.38 | AP420: =SUM(AP416:AP419) -> 307565.83 | AQ420: =SUM(AQ416:AQ419) -> 262179.2 | AR420: =SUM(AM420:AQ420) -> 690639.19 | AS420: =SUM(AS416:AS419) -> -26532.1 | AT420: =SUM(AT416:AT419) -> 105297.3 | AU420: =SUM(AU416:AU419) -> 14768.53 | AV420: =SUM(AV416:AV419) -> 371543.47 | AW420: =SUM(AW416:AW419) -> 317834.07 | AX420: =SUM(AS420:AW420) -> 782911.27 | AY420: =+AM420-AS420 -> 27600.15 | AZ420: =+AN420-AT420 -> -1356.57 | BA420: =+AO420-AU420 -> 1116.85 | BB420: =+AP420-AV420 -> -63977.64 | BC420: =+AQ420-AW420 -> -55654.87 | BD420: =+AR420-AX420 -> -92272.08 | BE420: =AY420/AS420 -> -1.040255 | BF420: =AZ420/AT420 -> -0.012883236 | BG420: =BA420/AU420 -> 0.07562364 | BH420: =BB420/AV420 -> -0.17219423 | BI420: =BC420/AW420 -> -0.17510668 | BJ420: =BD420/AX420 -> -0.11785765 | BK420: =IFERROR(AM420/H420,0) -> 1 | BL420: =IFERROR(AN420/I420,0) -> 0.20171451 | BM420: =IFERROR(AO420/J420,0) -> 0.41647519 | BN420: =IFERROR(AP420/K420,0) -> 0.26372093 | BO420: =IFERROR(AQ420/L420,0) -> 0.27461947 | BP420: =IFERROR(AR420/M420,0) -> 0.25813929 | BQ420: =IFERROR(AS420/U420,0) -> 0.99774294 | BR420: =IFERROR(AT420/V420,0) -> 0.20412651 | BS420: =IFERROR(AU420/W420,0) -> 0.43757466 | BT420: =IFERROR(AV420/X420,0) -> 0.30662653 | BU420: =IFERROR(AW420/Y420,0) -> 0.30290746 | BV420: =IFERROR(AX420/Z420,0) -> 0.28121881 | BW420: =+BK420-BQ420 -> 0.0022570596 | BX420: =+BL420-BR420 -> -0.0024120017 | BY420: =+BM420-BS420 -> -0.021099473 | BZ420: =+BN420-BT420 -> -0.042905591 | CA420: =+BO420-BU420 -> -0.028287987 | CB420: =+BP420-BV420 -> -0.023079519 | CC420: =BW420*10000 -> 22.570596 | CD420: =BX420*10000 -> -24.120017 | CE420: =BY420*10000 -> -210.99473 | CF420: =BZ420*10000 -> -429.05591 | CG420: =CA420*10000 -> -282.87987 | CH420: =CB420*10000 -> -230.79519
A421: FY26 | B421: FY26 | C421: 06 Jun | D421: 06 Jun | F421: Calendar Jun | H421: =SUMIFS(H$7:H$377,$B$7:$B$377,$B421,$D$7:$D$377,$D421) -> 1313.94 | I421: =SUMIFS(I$7:I$377,$B$7:$B$377,$B421,$D$7:$D$377,$D421) -> 545450.15 | J421: =SUMIFS(J$7:J$377,$B$7:$B$377,$B421,$D$7:$D$377,$D421) -> 39144.68 | K421: =SUMIFS(K$7:K$377,$B$7:$B$377,$B421,$D$7:$D$377,$D421) -> 1241002.2 | L421: =SUMIFS(L$7:L$377,$B$7:$B$377,$B421,$D$7:$D$377,$D421) -> 1025364.2 | M421: =SUM(H421:L421) -> 2852275.1 | N421: FY25 | O421: FY25 | P421: 06 Jun | Q421: 06 Jun | T421: Calendar Jun | U421: =SUMIFS(U$7:U$377,$M$7:$M$377,"<>0",$O$7:$O$377,$O421,$Q$7:$Q$377,$Q421) -> -29679.01 | V421: =SUMIFS(V$7:V$377,$M$7:$M$377,"<>0",$O$7:$O$377,$O421,$Q$7:$Q$377,$Q421) -> 545102.39 | W421: =SUMIFS(W$7:W$377,$M$7:$M$377,"<>0",$O$7:$O$377,$O421,$Q$7:$Q$377,$Q421) -> 34430.13 | X421: =SUMIFS(X$7:X$377,$M$7:$M$377,"<>0",$O$7:$O$377,$O421,$Q$7:$Q$377,$Q421) -> 1287658.2 | Y421: =SUMIFS(Y$7:Y$377,$M$7:$M$377,"<>0",$O$7:$O$377,$O421,$Q$7:$Q$377,$Q421) -> 1121684.5 | Z421: =SUM(U421:Y421) -> 2959196.2 | AA421: =+H421-U421 -> 30992.95 | AB421: =+I421-V421 -> 347.76 | AC421: =+J421-W421 -> 4714.55 | AD421: =+K421-X421 -> -46656.01 | AE421: =+L421-Y421 -> -96320.33 | AF421: =+M421-Z421 -> -106921.08 | AG421: =IFERROR(AA421/U421,"") -> -1.0442717 | AH421: =IFERROR(AB421/V421,"") -> 0.00063797189 | AI421: =IFERROR(AC421/W421,"") -> 0.13693094 | AJ421: =IFERROR(AD421/X421,"") -> -0.036233226 | AK421: =IFERROR(AE421/Y421,"") -> -0.085871143 | AL421: =IFERROR(AF421/Z421,"") -> -0.036131798 | AM421: =SUMIFS(AM$7:AM$377,$B$7:$B$377,$B421,$D$7:$D$377,$D421) -> 1313.94 | AN421: =SUMIFS(AN$7:AN$377,$B$7:$B$377,$B421,$D$7:$D$377,$D421) -> 109969.93 | AO421: =SUMIFS(AO$7:AO$377,$B$7:$B$377,$B421,$D$7:$D$377,$D421) -> 16191.84 | AP421: =SUMIFS(AP$7:AP$377,$B$7:$B$377,$B421,$D$7:$D$377,$D421) -> 325856.02 | AQ421: =SUMIFS(AQ$7:AQ$377,$B$7:$B$377,$B421,$D$7:$D$377,$D421) -> 280914.25 | AR421: =SUM(AM421:AQ421) -> 734245.98 | AS421: =SUMIFS(AS$7:AS$377,$M$7:$M$377,"<>0",$O$7:$O$377,$O421,$Q$7:$Q$377,$Q421) -> -29618.99 | AT421: =SUMIFS(AT$7:AT$377,$M$7:$M$377,"<>0",$O$7:$O$377,$O421,$Q$7:$Q$377,$Q421) -> 111424.68 | AU421: =SUMIFS(AU$7:AU$377,$M$7:$M$377,"<>0",$O$7:$O$377,$O421,$Q$7:$Q$377,$Q421) -> 15104.98 | AV421: =SUMIFS(AV$7:AV$377,$M$7:$M$377,"<>0",$O$7:$O$377,$O421,$Q$7:$Q$377,$Q421) -> 394992.28 | AW421: =SUMIFS(AW$7:AW$377,$M$7:$M$377,"<>0",$O$7:$O$377,$O421,$Q$7:$Q$377,$Q421) -> 340709.1 | AX421: =SUM(AS421:AW421) -> 832612.05 | AY421: =+AM421-AS421 -> 30932.93 | AZ421: =+AN421-AT421 -> -1454.75 | BA421: =+AO421-AU421 -> 1086.86 | BB421: =+AP421-AV421 -> -69136.26 | BC421: =+AQ421-AW421 -> -59794.85 | BD421: =+AR421-AX421 -> -98366.07 | BE421: =AY421/AS421 -> -1.0443614 | BF421: =AZ421/AT421 -> -0.013055905 | BG421: =BA421/AU421 -> 0.071953753 | BH421: =BB421/AV421 -> -0.17503193 | BI421: =BC421/AW421 -> -0.17550118 | BJ421: =BD421/AX421 -> -0.11814154 | BK421: =IFERROR(AM421/H421,0) -> 1 | BL421: =IFERROR(AN421/I421,0) -> 0.20161316 | BM421: =IFERROR(AO421/J421,0) -> 0.41364088 | BN421: =IFERROR(AP421/K421,0) -> 0.2625749 | BO421: =IFERROR(AQ421/L421,0) -> 0.27396535 | BP421: =IFERROR(AR421/M421,0) -> 0.25742467 | BQ421: =IFERROR(AS421/U421,0) -> 0.9979777 | BR421: =IFERROR(AT421/V421,0) -> 0.20441055 | BS421: =IFERROR(AU421/W421,0) -> 0.438714 | BT421: =IFERROR(AV421/X421,0) -> 0.30675244 | BU421: =IFERROR(AW421/Y421,0) -> 0.30374771 | BV421: =IFERROR(AX421/Z421,0) -> 0.28136426 | BW421: =+BK421-BQ421 -> 0.0020223047 | BX421: =+BL421-BR421 -> -0.0027973882 | BY421: =+BM421-BS421 -> -0.025073115 | BZ421: =+BN421-BT421 -> -0.044177534 | CA421: =+BO421-BU421 -> -0.029782365 | CB421: =+BP421-BV421 -> -0.023939591 | CC421: =BW421*10000 -> 20.223047 | CD421: =BX421*10000 -> -27.973882 | CE421: =BY421*10000 -> -250.73115 | CF421: =BZ421*10000 -> -441.77534 | CG421: =CA421*10000 -> -297.82365 | CH421: =CB421*10000 -> -239.39591
F423: Week 27 | H423: =SUMIF($E$14:$E$377,$F423,H$14:H$377) -> 378.94 | I423: =SUMIF($E$14:$E$377,$F423,I$14:I$377) -> 157960.86 | J423: =SUMIF($E$14:$E$377,$F423,J$14:J$377) -> 23745.17 | K423: =SUMIF($E$14:$E$377,$F423,K$14:K$377) -> 329990.99 | L423: =SUMIF($E$14:$E$377,$F423,L$14:L$377) -> 263973.18 | M423: =SUM(H423:L423) -> 776049.14 | T423: Week 27 | U423: =SUMIF($M$196:$M$202,"<>0",U$196:U$202) -> -2797.85 | V423: =SUMIF($M$196:$M$202,"<>0",V$196:V$202) -> 166996.83 | W423: =SUMIF($M$196:$M$202,"<>0",W$196:W$202) -> 10456.75 | X423: =SUMIF($M$196:$M$202,"<>0",X$196:X$202) -> 353261.97 | Y423: =SUMIF($M$196:$M$202,"<>0",Y$196:Y$202) -> 274258.69 | Z423: =SUM(U423:Y423) -> 802176.39 | AA423: =+H423-U423 -> 3176.79 | AB423: =+I423-V423 -> -9035.97 | AC423: =+J423-W423 -> 13288.42 | AD423: =+K423-X423 -> -23270.98 | AE423: =+L423-Y423 -> -10285.51 | AF423: =+M423-Z423 -> -26127.25 | AG423: =IFERROR(AA423/U423,"") -> -1.1354397 | AH423: =IFERROR(AB423/V423,"") -> -0.054108632 | AI423: =IFERROR(AC423/W423,"") -> 1.2707983 | AJ423: =IFERROR(AD423/X423,"") -> -0.065874569 | AK423: =IFERROR(AE423/Y423,"") -> -0.03750295 | AL423: =IFERROR(AF423/Z423,"") -> -0.032570455 | AM423: =SUMIF($E$14:$E$377,$F423,AM$14:AM$377) -> 378.94 | AN423: =SUMIF($E$14:$E$377,$F423,AN$14:AN$377) -> 31283.28 | AO423: =SUMIF($E$14:$E$377,$F423,AO$14:AO$377) -> 9886.9 | AP423: =SUMIF($E$14:$E$377,$F423,AP$14:AP$377) -> 83368.87 | AQ423: =SUMIF($E$14:$E$377,$F423,AQ$14:AQ$377) -> 70630.55 | AR423: =SUM(AM423:AQ423) -> 195548.54 | AS423: =SUMIF($M$196:$M$202,"<>0",AS$196:AS$202) -> -2797.85 | AT423: =SUMIF($M$196:$M$202,"<>0",AT$196:AT$202) -> 34820.43 | AU423: =SUMIF($M$196:$M$202,"<>0",AU$196:AU$202) -> 4821.33 | AV423: =SUMIF($M$196:$M$202,"<>0",AV$196:AV$202) -> 106475.17 | AW423: =SUMIF($M$196:$M$202,"<>0",AW$196:AW$202) -> 85594.2 | AX423: =SUM(AS423:AW423) -> 228913.28 | AY423: =+AM423-AS423 -> 3176.79 | AZ423: =+AN423-AT423 -> -3537.15 | BA423: =+AO423-AU423 -> 5065.57 | BB423: =+AP423-AV423 -> -23106.3 | BC423: =+AQ423-AW423 -> -14963.65 | BD423: =+AR423-AX423 -> -33364.74 | BE423: =AY423/AS423 -> -1.1354397 | BF423: =AZ423/AT423 -> -0.10158261 | BG423: =BA423/AU423 -> 1.0506582 | BH423: =BB423/AV423 -> -0.21701116 | BI423: =BC423/AW423 -> -0.17482084 | BJ423: =BD423/AX423 -> -0.14575275 | BK423: =IFERROR(AM423/H423,0) -> 1 | BL423: =IFERROR(AN423/I423,0) -> 0.1980445 | BM423: =IFERROR(AO423/J423,0) -> 0.4163752 | BN423: =IFERROR(AP423/K423,0) -> 0.25263984 | BO423: =IFERROR(AQ423/L423,0) -> 0.26756714 | BP423: =IFERROR(AR423/M423,0) -> 0.25197958 | BQ423: =IFERROR(AS423/U423,0) -> 1 | BR423: =IFERROR(AT423/V423,0) -> 0.20850953 | BS423: =IFERROR(AU423/W423,0) -> 0.46107347 | BT423: =IFERROR(AV423/X423,0) -> 0.3014057 | BU423: =IFERROR(AW423/Y423,0) -> 0.31209294 | BV423: =IFERROR(AX423/Z423,0) -> 0.28536527 | BW423: =+BK423-BQ423 -> 0 | BX423: =+BL423-BR423 -> -0.010465024 | BY423: =+BM423-BS423 -> -0.044698265 | BZ423: =+BN423-BT423 -> -0.048765859 | CA423: =+BO423-BU423 -> -0.044525792 | CB423: =+BP423-BV423 -> -0.033385683 | CC423: =BW423*10000 -> 0 | CD423: =BX423*10000 -> -104.65024 | CE423: =BY423*10000 -> -446.98265 | CF423: =BZ423*10000 -> -487.65859 | CG423: =CA423*10000 -> -445.25792 | CH423: =CB423*10000 -> -333.85683
F424: Week 28 | H424: =SUMIF($E$14:$E$377,$F424,H$14:H$377) -> 247.59 | I424: =SUMIF($E$14:$E$377,$F424,I$14:I$377) -> 116991.72 | J424: =SUMIF($E$14:$E$377,$F424,J$14:J$377) -> 17903.53 | K424: =SUMIF($E$14:$E$377,$F424,K$14:K$377) -> 258105.64 | L424: =SUMIF($E$14:$E$377,$F424,L$14:L$377) -> 220704.83 | M424: =SUM(H424:L424) -> 613953.31 | T424: Week 28 | U424: =SUMIF($M$203:$M$209,"<>0",U$203:U$209) -> 874.49 | V424: =SUMIF($M$203:$M$209,"<>0",V$203:V$209) -> 115604.28 | W424: =SUMIF($M$203:$M$209,"<>0",W$203:W$209) -> 8343.34 | X424: =SUMIF($M$203:$M$209,"<>0",X$203:X$209) -> 266417.46 | Y424: =SUMIF($M$203:$M$209,"<>0",Y$203:Y$209) -> 238161.25 | Z424: =SUM(U424:Y424) -> 629400.82 | AA424: =+H424-U424 -> -626.9 | AB424: =+I424-V424 -> 1387.44 | AC424: =+J424-W424 -> 9560.19 | AD424: =+K424-X424 -> -8311.82 | AE424: =+L424-Y424 -> -17456.42 | AF424: =+M424-Z424 -> -15447.51 | AG424: =IFERROR(AA424/U424,"") -> -0.71687498 | AH424: =IFERROR(AB424/V424,"") -> 0.012001632 | AI424: =IFERROR(AC424/W424,"") -> 1.1458469 | AJ424: =IFERROR(AD424/X424,"") -> -0.031198481 | AK424: =IFERROR(AE424/Y424,"") -> -0.073296643 | AL424: =IFERROR(AF424/Z424,"") -> -0.0245432 | AM424: =SUMIF($E$14:$E$377,$F424,AM$14:AM$377) -> 247.59 | AN424: =SUMIF($E$14:$E$377,$F424,AN$14:AN$377) -> 22345.5 | AO424: =SUMIF($E$14:$E$377,$F424,AO$14:AO$377) -> 6284.78 | AP424: =SUMIF($E$14:$E$377,$F424,AP$14:AP$377) -> 65177.21 | AQ424: =SUMIF($E$14:$E$377,$F424,AQ$14:AQ$377) -> 58819.76 | AR424: =SUM(AM424:AQ424) -> 152874.84 | AS424: =SUMIF($M$203:$M$209,"<>0",AS$203:AS$209) -> 874.49 | AT424: =SUMIF($M$203:$M$209,"<>0",AT$203:AT$209) -> 23252.51 | AU424: =SUMIF($M$203:$M$209,"<>0",AU$203:AU$209) -> 3526.55 | AV424: =SUMIF($M$203:$M$209,"<>0",AV$203:AV$209) -> 79856.08 | AW424: =SUMIF($M$203:$M$209,"<>0",AW$203:AW$209) -> 71831.2 | AX424: =SUM(AS424:AW424) -> 179340.83 | AY424: =+AM424-AS424 -> -626.9 | AZ424: =+AN424-AT424 -> -907.01 | BA424: =+AO424-AU424 -> 2758.23 | BB424: =+AP424-AV424 -> -14678.87 | BC424: =+AQ424-AW424 -> -13011.44 | BD424: =+AR424-AX424 -> -26465.99 | BE424: =AY424/AS424 -> -0.71687498 | BF424: =AZ424/AT424 -> -0.039006972 | BG424: =BA424/AU424 -> 0.78213268 | BH424: =BB424/AV424 -> -0.18381656 | BI424: =BC424/AW424 -> -0.18113912 | BJ424: =BD424/AX424 -> -0.1475737 | BK424: =IFERROR(AM424/H424,0) -> 1 | BL424: =IFERROR(AN424/I424,0) -> 0.1910007 | BM424: =IFERROR(AO424/J424,0) -> 0.3510358 | BN424: =IFERROR(AP424/K424,0) -> 0.25252145 | BO424: =IFERROR(AQ424/L424,0) -> 0.26650871 | BP424: =IFERROR(AR424/M424,0) -> 0.24900076 | BQ424: =IFERROR(AS424/U424,0) -> 1 | BR424: =IFERROR(AT424/V424,0) -> 0.20113883 | BS424: =IFERROR(AU424/W424,0) -> 0.42267845 | BT424: =IFERROR(AV424/X424,0) -> 0.29974041 | BU424: =IFERROR(AW424/Y424,0) -> 0.30160742 | BV424: =IFERROR(AX424/Z424,0) -> 0.28493898 | BW424: =+BK424-BQ424 -> 0 | BX424: =+BL424-BR424 -> -0.010138137 | BY424: =+BM424-BS424 -> -0.071642646 | BZ424: =+BN424-BT424 -> -0.047218967 | CA424: =+BO424-BU424 -> -0.035098707 | CB424: =+BP424-BV424 -> -0.035938225 | CC424: =BW424*10000 -> 0 | CD424: =BX424*10000 -> -101.38137 | CE424: =BY424*10000 -> -716.42646 | CF424: =BZ424*10000 -> -472.18967 | CG424: =CA424*10000 -> -350.98707 | CH424: =CB424*10000 -> -359.38225
F425: Week 29 | H425: =SUMIF($E$14:$E$377,$F425,H$14:H$377) -> 144.32 | I425: =SUMIF($E$14:$E$377,$F425,I$14:I$377) -> 116378.83 | J425: =SUMIF($E$14:$E$377,$F425,J$14:J$377) -> 20027.53 | K425: =SUMIF($E$14:$E$377,$F425,K$14:K$377) -> 266815.91 | L425: =SUMIF($E$14:$E$377,$F425,L$14:L$377) -> 226681.87 | M425: =SUM(H425:L425) -> 630048.46 | T425: Week 29 | U425: =SUMIF($M$210:$M$216,"<>0",U$210:U$216) -> 1031 | V425: =SUMIF($M$210:$M$216,"<>0",V$210:V$216) -> 120806.89 | W425: =SUMIF($M$210:$M$216,"<>0",W$210:W$216) -> 8075.77 | X425: =SUMIF($M$210:$M$216,"<>0",X$210:X$216) -> 281733.62 | Y425: =SUMIF($M$210:$M$216,"<>0",Y$210:Y$216) -> 239187.79 | Z425: =SUM(U425:Y425) -> 650835.07 | AA425: =+H425-U425 -> -886.68 | AB425: =+I425-V425 -> -4428.06 | AC425: =+J425-W425 -> 11951.76 | AD425: =+K425-X425 -> -14917.71 | AE425: =+L425-Y425 -> -12505.92 | AF425: =+M425-Z425 -> -20786.61 | AG425: =IFERROR(AA425/U425,"") -> -0.8600194 | AH425: =IFERROR(AB425/V425,"") -> -0.036654035 | AI425: =IFERROR(AC425/W425,"") -> 1.479953 | AJ425: =IFERROR(AD425/X425,"") -> -0.052949698 | AK425: =IFERROR(AE425/Y425,"") -> -0.052284943 | AL425: =IFERROR(AF425/Z425,"") -> -0.031938368 | AM425: =SUMIF($E$14:$E$377,$F425,AM$14:AM$377) -> 144.32 | AN425: =SUMIF($E$14:$E$377,$F425,AN$14:AN$377) -> 22258.95 | AO425: =SUMIF($E$14:$E$377,$F425,AO$14:AO$377) -> 7454.95 | AP425: =SUMIF($E$14:$E$377,$F425,AP$14:AP$377) -> 66758.62 | AQ425: =SUMIF($E$14:$E$377,$F425,AQ$14:AQ$377) -> 61062.76 | AR425: =SUM(AM425:AQ425) -> 157679.6 | AS425: =SUMIF($M$210:$M$216,"<>0",AS$210:AS$216) -> 1031 | AT425: =SUMIF($M$210:$M$216,"<>0",AT$210:AT$216) -> 25031.61 | AU425: =SUMIF($M$210:$M$216,"<>0",AU$210:AU$216) -> 3454.73 | AV425: =SUMIF($M$210:$M$216,"<>0",AV$210:AV$216) -> 86610.22 | AW425: =SUMIF($M$210:$M$216,"<>0",AW$210:AW$216) -> 73634.47 | AX425: =SUM(AS425:AW425) -> 189762.03 | AY425: =+AM425-AS425 -> -886.68 | AZ425: =+AN425-AT425 -> -2772.66 | BA425: =+AO425-AU425 -> 4000.22 | BB425: =+AP425-AV425 -> -19851.6 | BC425: =+AQ425-AW425 -> -12571.71 | BD425: =+AR425-AX425 -> -32082.43 | BE425: =AY425/AS425 -> -0.8600194 | BF425: =AZ425/AT425 -> -0.11076635 | BG425: =BA425/AU425 -> 1.1578966 | BH425: =BB425/AV425 -> -0.22920621 | BI425: =BC425/AW425 -> -0.17073132 | BJ425: =BD425/AX425 -> -0.16906665 | BK425: =IFERROR(AM425/H425,0) -> 1 | BL425: =IFERROR(AN425/I425,0) -> 0.19126288 | BM425: =IFERROR(AO425/J425,0) -> 0.37223512 | BN425: =IFERROR(AP425/K425,0) -> 0.25020479 | BO425: =IFERROR(AQ425/L425,0) -> 0.26937646 | BP425: =IFERROR(AR425/M425,0) -> 0.25026583 | BQ425: =IFERROR(AS425/U425,0) -> 1 | BR425: =IFERROR(AT425/V425,0) -> 0.2072035 | BS425: =IFERROR(AU425/W425,0) -> 0.42778955 | BT425: =IFERROR(AV425/X425,0) -> 0.30741883 | BU425: =IFERROR(AW425/Y425,0) -> 0.30785213 | BV425: =IFERROR(AX425/Z425,0) -> 0.291567 | BW425: =+BK425-BQ425 -> 0 | BX425: =+BL425-BR425 -> -0.015940618 | BY425: =+BM425-BS425 -> -0.05555443 | BZ425: =+BN425-BT425 -> -0.057214036 | CA425: =+BO425-BU425 -> -0.038475666 | CB425: =+BP425-BV425 -> -0.041301173 | CC425: =BW425*10000 -> 0 | CD425: =BX425*10000 -> -159.40618 | CE425: =BY425*10000 -> -555.5443 | CF425: =BZ425*10000 -> -572.14036 | CG425: =CA425*10000 -> -384.75666 | CH425: =CB425*10000 -> -413.01173
F426: Week 30 | H426: =SUMIF($E$14:$E$377,$F426,H$14:H$377) -> -350.9 | I426: =SUMIF($E$14:$E$377,$F426,I$14:I$377) -> 119508.71 | J426: =SUMIF($E$14:$E$377,$F426,J$14:J$377) -> 18113.61 | K426: =SUMIF($E$14:$E$377,$F426,K$14:K$377) -> 267658.52 | L426: =SUMIF($E$14:$E$377,$F426,L$14:L$377) -> 238896.64 | M426: =SUM(H426:L426) -> 643826.58 | T426: Week 30 | U426: =SUMIF($M$217:$M$223,"<>0",U$217:U$223) -> 653.07 | V426: =SUMIF($M$217:$M$223,"<>0",V$217:V$223) -> 129349.1 | W426: =SUMIF($M$217:$M$223,"<>0",W$217:W$223) -> 10693.13 | X426: =SUMIF($M$217:$M$223,"<>0",X$217:X$223) -> 293674.91 | Y426: =SUMIF($M$217:$M$223,"<>0",Y$217:Y$223) -> 262389.09 | Z426: =SUM(U426:Y426) -> 696759.3 | AA426: =+H426-U426 -> -1003.97 | AB426: =+I426-V426 -> -9840.39 | AC426: =+J426-W426 -> 7420.48 | AD426: =+K426-X426 -> -26016.39 | AE426: =+L426-Y426 -> -23492.45 | AF426: =+M426-Z426 -> -52932.72 | AG426: =IFERROR(AA426/U426,"") -> -1.5373084 | AH426: =IFERROR(AB426/V426,"") -> -0.076076215 | AI426: =IFERROR(AC426/W426,"") -> 0.69394836 | AJ426: =IFERROR(AD426/X426,"") -> -0.08858908 | AK426: =IFERROR(AE426/Y426,"") -> -0.089532877 | AL426: =IFERROR(AF426/Z426,"") -> -0.075969879 | AM426: =SUMIF($E$14:$E$377,$F426,AM$14:AM$377) -> -350.9 | AN426: =SUMIF($E$14:$E$377,$F426,AN$14:AN$377) -> 23248.16 | AO426: =SUMIF($E$14:$E$377,$F426,AO$14:AO$377) -> 6715.86 | AP426: =SUMIF($E$14:$E$377,$F426,AP$14:AP$377) -> 65702.19 | AQ426: =SUMIF($E$14:$E$377,$F426,AQ$14:AQ$377) -> 64408.22 | AR426: =SUM(AM426:AQ426) -> 159723.53 | AS426: =SUMIF($M$217:$M$223,"<>0",AS$217:AS$223) -> 653.07 | AT426: =SUMIF($M$217:$M$223,"<>0",AT$217:AT$223) -> 26596.83 | AU426: =SUMIF($M$217:$M$223,"<>0",AU$217:AU$223) -> 4887.64 | AV426: =SUMIF($M$217:$M$223,"<>0",AV$217:AV$223) -> 89617.23 | AW426: =SUMIF($M$217:$M$223,"<>0",AW$217:AW$223) -> 79982.81 | AX426: =SUM(AS426:AW426) -> 201737.58 | AY426: =+AM426-AS426 -> -1003.97 | AZ426: =+AN426-AT426 -> -3348.67 | BA426: =+AO426-AU426 -> 1828.22 | BB426: =+AP426-AV426 -> -23915.04 | BC426: =+AQ426-AW426 -> -15574.59 | BD426: =+AR426-AX426 -> -42014.05 | BE426: =AY426/AS426 -> -1.5373084 | BF426: =AZ426/AT426 -> -0.12590485 | BG426: =BA426/AU426 -> 0.37404964 | BH426: =BB426/AV426 -> -0.26685761 | BI426: =BC426/AW426 -> -0.19472422 | BJ426: =BD426/AX426 -> -0.2082609 | BK426: =IFERROR(AM426/H426,0) -> 1 | BL426: =IFERROR(AN426/I426,0) -> 0.19453109 | BM426: =IFERROR(AO426/J426,0) -> 0.3707632 | BN426: =IFERROR(AP426/K426,0) -> 0.2454702 | BO426: =IFERROR(AQ426/L426,0) -> 0.26960706 | BP426: =IFERROR(AR426/M426,0) -> 0.24808471 | BQ426: =IFERROR(AS426/U426,0) -> 1 | BR426: =IFERROR(AT426/V426,0) -> 0.20562053 | BS426: =IFERROR(AU426/W426,0) -> 0.45708226 | BT426: =IFERROR(AV426/X426,0) -> 0.30515794 | BU426: =IFERROR(AW426/Y426,0) -> 0.30482521 | BV426: =IFERROR(AX426/Z426,0) -> 0.28953697 | BW426: =+BK426-BQ426 -> 0 | BX426: =+BL426-BR426 -> -0.011089433 | BY426: =+BM426-BS426 -> -0.086319058 | BZ426: =+BN426-BT426 -> -0.05968774 | CA426: =+BO426-BU426 -> -0.035218155 | CB426: =+BP426-BV426 -> -0.041452266 | CC426: =BW426*10000 -> 0 | CD426: =BX426*10000 -> -110.89433 | CE426: =BY426*10000 -> -863.19058 | CF426: =BZ426*10000 -> -596.8774 | CG426: =CA426*10000 -> -352.18155 | CH426: =CB426*10000 -> -414.52266
A427: FY26 | B427: FY26 | C427: 07 Jul | D427: 07 Jul | F427: Fiscal Jul | H427: =SUM(H423:H426) -> 419.95 | I427: =SUM(I423:I426) -> 510840.12 | J427: =SUM(J423:J426) -> 79789.84 | K427: =SUM(K423:K426) -> 1122571.1 | L427: =SUM(L423:L426) -> 950256.52 | M427: =SUM(H427:L427) -> 2663877.5 | N427: FY25 | O427: FY25 | P427: 07 Jul | Q427: 07 Jul | T427: Fiscal Jul | U427: =SUM(U423:U426) -> -239.29 | V427: =SUM(V423:V426) -> 532757.1 | W427: =SUM(W423:W426) -> 37568.99 | X427: =SUM(X423:X426) -> 1195088 | Y427: =SUM(Y423:Y426) -> 1013996.8 | Z427: =SUM(U427:Y427) -> 2779171.6 | AA427: =+H427-U427 -> 659.24 | AB427: =+I427-V427 -> -21916.98 | AC427: =+J427-W427 -> 42220.85 | AD427: =+K427-X427 -> -72516.9 | AE427: =+L427-Y427 -> -63740.3 | AF427: =+M427-Z427 -> -115294.09 | AG427: =IFERROR(AA427/U427,"") -> -2.7549835 | AH427: =IFERROR(AB427/V427,"") -> -0.041138785 | AI427: =IFERROR(AC427/W427,"") -> 1.1238218 | AJ427: =IFERROR(AD427/X427,"") -> -0.060679132 | AK427: =IFERROR(AE427/Y427,"") -> -0.062860454 | AL427: =IFERROR(AF427/Z427,"") -> -0.041485056 | AM427: =SUM(AM423:AM426) -> 419.95 | AN427: =SUM(AN423:AN426) -> 99135.89 | AO427: =SUM(AO423:AO426) -> 30342.49 | AP427: =SUM(AP423:AP426) -> 281006.89 | AQ427: =SUM(AQ423:AQ426) -> 254921.29 | AR427: =SUM(AM427:AQ427) -> 665826.51 | AS427: =SUM(AS423:AS426) -> -239.29 | AT427: =SUM(AT423:AT426) -> 109701.38 | AU427: =SUM(AU423:AU426) -> 16690.25 | AV427: =SUM(AV423:AV426) -> 362558.7 | AW427: =SUM(AW423:AW426) -> 311042.68 | AX427: =SUM(AS427:AW427) -> 799753.72 | AY427: =+AM427-AS427 -> 659.24 | AZ427: =+AN427-AT427 -> -10565.49 | BA427: =+AO427-AU427 -> 13652.24 | BB427: =+AP427-AV427 -> -81551.81 | BC427: =+AQ427-AW427 -> -56121.39 | BD427: =+AR427-AX427 -> -133927.21 | BE427: =AY427/AS427 -> -2.7549835 | BF427: =AZ427/AT427 -> -0.096311368 | BG427: =BA427/AU427 -> 0.81797696 | BH427: =BB427/AV427 -> -0.22493409 | BI427: =BC427/AW427 -> -0.18042987 | BJ427: =BD427/AX427 -> -0.16746057 | BK427: =IFERROR(AM427/H427,0) -> 1 | BL427: =IFERROR(AN427/I427,0) -> 0.19406442 | BM427: =IFERROR(AO427/J427,0) -> 0.38028012 | BN427: =IFERROR(AP427/K427,0) -> 0.25032437 | BO427: =IFERROR(AQ427/L427,0) -> 0.26826576 | BP427: =IFERROR(AR427/M427,0) -> 0.24994637 | BQ427: =IFERROR(AS427/U427,0) -> 1 | BR427: =IFERROR(AT427/V427,0) -> 0.20591256 | BS427: =IFERROR(AU427/W427,0) -> 0.44425602 | BT427: =IFERROR(AV427/X427,0) -> 0.30337407 | BU427: =IFERROR(AW427/Y427,0) -> 0.30674917 | BV427: =IFERROR(AX427/Z427,0) -> 0.28776695 | BW427: =+BK427-BQ427 -> 0 | BX427: =+BL427-BR427 -> -0.011848146 | BY427: =+BM427-BS427 -> -0.0639759 | BZ427: =+BN427-BT427 -> -0.053049704 | CA427: =+BO427-BU427 -> -0.038483405 | CB427: =+BP427-BV427 -> -0.037820576 | CC427: =BW427*10000 -> 0 | CD427: =BX427*10000 -> -118.48146 | CE427: =BY427*10000 -> -639.759 | CF427: =BZ427*10000 -> -530.49704 | CG427: =CA427*10000 -> -384.83405 | CH427: =CB427*10000 -> -378.20576
